"[463391485, u'Ent El Viso dl Alcor y C\xe1ceres', datetime.datetime(2014, 11, 5, 17, 12, 13), ""RT @nytimes: A Spanish nurse's aide is free of Ebola and set to be released from a Madrid hospital http://t.co/azqh3t9pvx http://t.co/buqz6\xe2\x80\xa6"", u'Twitter for Android']"
"[2826376433L, u'', datetime.datetime(2014, 11, 5, 17, 12, 14), 'RT @Tocilizumab: No evidence of #Ebolavirus  vaccine and #Autism.\xf0\x9f\x91\xaa\xf0\x9f\x91\x8f\xf0\x9f\x91\x8b\xf0\x9f\x91\x8f\xf0\x9f\x91\x8b\xf0\x9f\x91\x8f\xf0\x9f\x91\x8b\xf0\x9f\x91\x8f\xf0\x9f\x91\xaa\n\xf0\x9f\x91\x87\xf0\x9f\x91\x87\xf0\x9f\x91\x87\nhttp://t.co/YZag4xuWoF\xf0\x9f\x91\xaa\n\xe2\x98\x9d\xef\xb8\x8f\xe2\x98\x9d\xef\xb8\x8f\xe2\x98\x9d\xef\xb8\x8f\n#ebola #CDCwhistleblower http\xe2\x80\xa6', u'Twitter for Websites']"
"[37536872, u'', datetime.datetime(2014, 11, 5, 17, 12, 14), ""Spanish #Ebola #survivor thanks God for 'bringing me back to life' http://t.co/QcSUaiaoVY"", u'dlvr.it']"
"[102467376, u'Cleveland, OH', datetime.datetime(2014, 11, 5, 17, 12, 15), '$67,000 from UCC at work in Africa against Ebola http://t.co/VNn7WXmfs7', u'Twitter for Websites']"
"[2406022214L, u'', datetime.datetime(2014, 11, 5, 17, 12, 15), 'RT @FightsOnVine: When ebola makes it to your city https://t.co/V4gq1IVve0', u'Twitter for iPhone']"
"[711025081, u'India', datetime.datetime(2014, 11, 5, 17, 12, 15), 'RT @SSMetaphysics: Proof Ebola is a Conspiracy - What The World Needs To Know http://t.co/DYSUJWw1DX', u'Twitter for Android']"
"[1653869461, u'Tanzania', datetime.datetime(2014, 11, 5, 17, 12, 15), 'Hey! STOP being ignorant, not all places in Africa have Ebola #endebolastigma @AfricanSFL http://t.co/H91oKDkUc2', u'Twitter for Android']"
"[338301059, u'Worcester, MA', datetime.datetime(2014, 11, 5, 17, 12, 15), 'T2 RT @abahealthlaw: Have other healthcare scares influenced the response to Ebola? Why is so much misinformation being spread? #HLSChat', u'TweetDeck']"
"[547581551, u'', datetime.datetime(2014, 11, 5, 17, 12, 15), ""Bitch if you had EBOLA you wouldn't be here!! Like really"", u'Twitter for iPhone']"
"[2784661153L, u'Ottawa ON', datetime.datetime(2014, 11, 5, 17, 12, 15), 'RT @haaretzcom: German doctors use experimental heart drug in treating #Ebola patient http://t.co/5nd5B5Rc5N', u'Twitter for iPad']"
"[97736826, u'', datetime.datetime(2014, 11, 5, 17, 12, 15), '""Ebola-Free Spanish Nurse Speaks Out"" by Unknown Author via NYT The New York Times http://t.co/9Cjrb4BzT1', u'IFTTT']"
"[2355119738L, u'', datetime.datetime(2014, 11, 5, 17, 12, 15), 'Ms.gonder said get away from me EBOLA \xf0\x9f\x98\x82\xf0\x9f\x98\x82\xf0\x9f\x98\x82\xf0\x9f\x98\x82\xf0\x9f\x98\x82\xf0\x9f\x91\x8c\xf0\x9f\x92\x95', u'Twitter for iPhone']"
"[521525295, u'Cali', datetime.datetime(2014, 11, 5, 17, 12, 15), 'RT @BuhByeGOP: Fear based politics: How ISIS &amp; Ebola took over the midterm elections http://t.co/uUET7svrxz', u'Twitter for iPad']"
"[357438536, u'Lekki lagos', datetime.datetime(2014, 11, 5, 17, 12, 16), 'Ebola Fears: 46-year-old Banned From Work In UK For Coming To Nigeria: A 46-year-old Nigerian who works as a s... http://t.co/qMYijnG06a', u'twitterfeed']"
"[703020593, u'columbus oh', datetime.datetime(2014, 11, 5, 17, 12, 16), 'RT @nbc4i: All Ohioans have been removed from the Ebola Contact List, according to state health officials. http://t.co/ouj62jBl9g #Ebola #O\xe2\x80\xa6', u'Twitter for Android']"
"[145609857, u'Amsterdam', datetime.datetime(2014, 11, 5, 17, 12, 16), 'Hulpactie ebola: giro555. Hoe nodig ook toch raar gevoel bij. waarom geen IBANr? Mij is wel dan onmogelijke nummer door de strot gedrukt', u'Twitter for iPad']"
"[63688108, u'indonesia', datetime.datetime(2014, 11, 5, 17, 12, 16), 'The Ebola Virus Disease - everything you need to know:  http://t.co/AP5vSYLDDv', u'twitterfeed']"
"[2634573488L, u'your nudes', datetime.datetime(2014, 11, 5, 17, 12, 16), 'RT @Cuntneydick: \xe2\x80\x9c@MyFriendsRap: When the homie has EBOLA but u tryna cheer him up... https://t.co/IomPPvnLmA\xe2\x80\x9d @Tylermarcy', u'Twitter for iPhone']"
"[2398356744L, u'', datetime.datetime(2014, 11, 5, 17, 12, 16), 'RT @zerohedge: WHITE HOUSE SAID TO ASK CONGRESS FOR $6.2B FOR EBOLA FUNDING', u'Twitter Web Client']"
"[928709942, u'El Pasooooooo', datetime.datetime(2014, 11, 5, 17, 12, 16), 'Won 12 games in a row in FIFA yesterday lost 6 in a row today hope all 6 catch Ebola and fucking die fuck offfffff', u'Twitter for iPhone']"
"[1112982404, u'At the disco', datetime.datetime(2014, 11, 5, 17, 12, 16), ""RT @LukesReject: If I can't reply to you is because i receive so many ebola in my mentions . #vote5sos"", u'Twitter for Android']"
"[1700217133, u'Scot exiled in Switzerland', datetime.datetime(2014, 11, 5, 17, 12, 17), 'RT @AllergyKidsDoc: Actual discussion:\nParent ""I want #Ebola vaccine for my child""\nDoc ""There isn\'t one, but we have #flushot""\nParent ""We d\xe2\x80\xa6', u'Twitter for iPhone']"
"[1360574730, u'', datetime.datetime(2014, 11, 5, 17, 12, 17), 'RT @Mike_Mimoso: ""I wish we were as fanatical about cyber as we are about ebola. That would be something to see."" Chertoff keynote #ACSC14', u'Twitter for BlackBerry']"
"[850828578, u'Green Bay, WI', datetime.datetime(2014, 11, 5, 17, 12, 17), 'Map: The Africa without Ebola http://t.co/nEMLBJ4eoy', u'Facebook']"
"[711025081, u'India', datetime.datetime(2014, 11, 5, 17, 12, 18), 'RT @SSMetaphysics: Proof Ebola is a conspiracy: http://t.co/swyohtGTTA', u'Twitter for Android']"
"[19887562, u'', datetime.datetime(2014, 11, 5, 17, 12, 18), ""RT @voxdotcom: Canada's Ebola visa ban is dumb, xenophobic, and illegal http://t.co/hRo4wc5XLt"", u'Twitter for iPhone']"
"[21660781, u'St. Louis', datetime.datetime(2014, 11, 5, 17, 12, 21), 'RT @theOFDA: Happening now: Pres Sirleaf tours 25-bed medical unit w/ @USAID DART Leader. #USPHS will provide health care 4 #Ebola http://t\xe2\x80\xa6', u'Twitter for BlackBerry']"
"[22295354, u'Balkbrug,  The Netherlands', datetime.datetime(2014, 11, 5, 17, 12, 20), '""Ebola-Free Spanish Nurse Speaks Out"" by Unknown Author via NYT The New York Times http://t.co/JiSPojosGb', u'IFTTT']"
"[120535029, u'Gemonde, The Netherlands', datetime.datetime(2014, 11, 5, 17, 12, 21), 'Bevolking is opgeroepen geld over te maken op giro 555 voor bestrijding Ebola.Dat vind ik toch een echte overheidstaak; besmettelijke ziekte', u'Twitter for iPad']"
"[330229006, u'Berlin', datetime.datetime(2014, 11, 5, 17, 12, 21), 'RT @ArmstrongDrew: *WHITE HOUSE SAID TO ASK CONGRESS FOR $6.2B FOR EBOLA FUNDING -- scoop from @jonallendc', u'Twitter Web Client']"
"[392630734, u'Mowe', datetime.datetime(2014, 11, 5, 17, 12, 21), 'Ebola Fears: 46-year-old Banned From Work In UK For Coming To Nigeria: A 46-year-old Nigerian who works as a s... http://t.co/iW2V0IpcYt', u'twitterfeed']"
"[2289715897L, u'', datetime.datetime(2014, 11, 5, 17, 12, 21), 'Nan vraiment ma photo sur Ebola elle vous a pas plu ?..', u'Twitter for Android']"
"[186676350, u'New Orleans by way of Alabama', datetime.datetime(2014, 11, 5, 17, 12, 22), 'RT @BrookingsInst: How U.S. media coverage of the Ebola outbreak is defining Africa: http://t.co/49StdCHYPc (Image via @EbolaPhone) http://\xe2\x80\xa6', u'Twitter Web Client']"
"[489593921, u'Oakland', datetime.datetime(2014, 11, 5, 17, 12, 22), 'African Scientist: African Corruption Made Ebola Worse http://t.co/i7MVHvNrLi', u'Twitter Web Client']"
"[314049466, u'', datetime.datetime(2014, 11, 5, 17, 12, 22), 'RT @lemondefr: La Suisse teste deux vaccins contre Ebola http://t.co/Mf9bLt6Asr', u'Twitter for Android']"
"[2261242828L, u'', datetime.datetime(2014, 11, 5, 17, 12, 22), 'RT @Born_2Ball10: Ebola kush', u'Twitter for Android']"
"[93602714, u'Marco Canaveses,Lamego,PORTUGA', datetime.datetime(2014, 11, 5, 17, 12, 22), 'Estes tweets sobre o Ebola est\xc3\xa3o demais. 25 Dumb Tweets About Ebola That Will Make You Weep For Humanity. http://t.co/9OHVUxAgo8 #Ebola', u'Hootsuite']"
"[2775927837L, u'', datetime.datetime(2014, 11, 5, 17, 12, 23), 'Three Ways Health Officials And #DoctorsFumbled In Communicating Ebola Risk... http://t.co/XlHQ1I9nMS http://t.co/iXH5CnpIpq', u'Trendolizer']"
"[583421185, u'PR1.DE', datetime.datetime(2014, 11, 5, 17, 12, 24), 'RT @Independent: WHO chief says Ebola vaccine was not developed because it only affected poor African countries http://t.co/priWKt08KG http\xe2\x80\xa6', u'Twitter for iPhone']"
"[2183279054L, u'', datetime.datetime(2014, 11, 5, 17, 12, 24), 'RT @ConsulCubaManau: The New Yorker: Ning\xc3\xban otro pa\xc3\xads ha contribuido tanto como Cuba a la lucha contra el \xc3\x89bola | Cubadebate: http://t.co/3\xe2\x80\xa6', u'Twitter for Android']"
"[329233633, u'Here There', datetime.datetime(2014, 11, 5, 17, 12, 24), '""@jeremyweate: For Africans concerned about visiting the US, this is where to avoid ebola. http://t.co/4kiQnfuSuR"" Ha!!!!', u'Twitter for Android']"
"[1460288238, u'yesusi.com/', datetime.datetime(2014, 11, 5, 17, 12, 24), 'RT @zerohedge: WHITE HOUSE SAID TO ASK CONGRESS FOR $6.2B FOR EBOLA FUNDING', u'Twitter Web Client']"
"[285202772, u'Boa Vista - RR', datetime.datetime(2014, 11, 5, 17, 12, 25), '@jhennikay Ebola', u'Twitter for Android']"
"[29019528, u'Dallas', datetime.datetime(2014, 11, 5, 17, 12, 25), 'RT @JesseThorn: American Airlines has 24 levels of passenger, starting with Executive Platinum First Class. I am level 23, Dirt Person. (#2\xe2\x80\xa6', u'Twitter for iPhone']"
"[577572942, u'', datetime.datetime(2014, 11, 5, 17, 12, 26), 'LAGOS-CELEBRATES-EBOLA-FREE-STATE - http://t.co/Yev0Xo8H7j http://t.co/7iFga04bsz', u'reporters365']"
"[132277549, u'London. Government. ', datetime.datetime(2014, 11, 5, 17, 12, 26), 'RT @bmj_latest: Ebola: a clinical guide. Our new printable infographic by @will_s_t: http://t.co/2rwxYU2wg3 http://t.co/6eMSkYOg0F', u'Twitter for iPad']"
"[759956924, u'', datetime.datetime(2014, 11, 5, 17, 12, 26), 'Click here to support Emergency Ebola Kits for Liberia by Marvin R. Tarawally http://t.co/LBOtN7n1of', u'Facebook']"
"[66951419, u'Cleveland, Ohio ', datetime.datetime(2014, 11, 5, 17, 12, 26), 'WHY SOMEONE NEEDS TO WATCH THESE ORGANIZATIONS? NIH Has No Money For Ebola Vaccine, Has $31M for \xe2\x80\x98Diversity\xe2\x80\x99 Grant http://t.co/w82t8plarL', u'Twitter for Websites']"
"[2727431433L, u'', datetime.datetime(2014, 11, 5, 17, 12, 27), 'RT @Independent: This is how much of the Africa is really affected by Ebola http://t.co/6hzrdLHniA http://t.co/VopN0OgGW8 http://t.co/ZyMKN\xe2\x80\xa6', u'Twitter for Android']"
"[372425629, u'', datetime.datetime(2014, 11, 5, 17, 12, 27), 'RT @Popehat: Actual Headline at Alternet: ""How You Let the Koch Brothers Manipulate Ebola, Lena Dunham, And Reality TV To Steal The Electio\xe2\x80\xa6', u'Twitter for Android']"
"[271024433, u'', datetime.datetime(2014, 11, 5, 17, 12, 28), '.@JohnKerry: FM @LaurentFabius &amp; I discussed our fight against ISIL, turning tide on #Ebola, achieving Europe that is whole, free, at peace.', u'Twitter Web Client']"
