"[16640775, u'Indianapolis, Indiana', datetime.datetime(2014, 11, 19, 16, 0, 23), u'WATCH celebrities stay silent in PSA on Ebola response. http://t.co/NP5IAq1gLO', u'Hootsuite']"
"[77615393, u'', datetime.datetime(2014, 11, 19, 16, 0, 23), u'UMA MENTIRA CHAMADA ,,EBOLA,, VEJAM!!! \nhttp://t.co/JYN0E3hCAc\nhttp://t.co/HAN7kbXfp9', u'TweetDeck']"
"[1026368150, u'', datetime.datetime(2014, 11, 19, 16, 0, 23), u'UMA MENTIRA CHAMADA ,,EBOLA,, VEJAM!!! \nhttp://t.co/TRs1Uh1C5a\nhttp://t.co/MYh1lHqrxs', u'TweetDeck']"
"[1621613088, u'', datetime.datetime(2014, 11, 19, 16, 0, 23), u""RT @dpakman: Have you noticed that post-election Ebola coverage, including of recent death, hasn't been panicked fearmongering? http://t.co\u2026"", u'Twitter Web Client']"
"[2183277506L, u'', datetime.datetime(2014, 11, 19, 16, 0, 23), u'RT @GeniusPothead: A blunt a day\nkeeps the Ebola away http://t.co/fUAbMQ3nKR', u'Twitter for iPhone']"
"[475028530, u'New York, NY', datetime.datetime(2014, 11, 19, 16, 0, 23), u'Worried about #Ebola? Special panel discussion tomorrow! http://t.co/gVC9V9bRfw [@NYUSSC] http://t.co/JtxMw5jw82', u'Buffer']"
"[484027054, u'', datetime.datetime(2014, 11, 19, 16, 0, 23), u'UMA MENTIRA CHAMADA ,,EBOLA,, VEJAM!!! \nhttp://t.co/CCvUXNfZEp\nhttp://t.co/qoAVVevo1L', u'TweetDeck']"
"[1105029008, u'', datetime.datetime(2014, 11, 19, 16, 0, 23), u'UMA MENTIRA CHAMADA ,,EBOLA,, VEJAM!!! \nhttp://t.co/wZNfbcR18F\nhttp://t.co/2K3VCRSRat', u'TweetDeck']"
"[919413181, u'', datetime.datetime(2014, 11, 19, 16, 0, 23), u'UMA MENTIRA CHAMADA ,,EBOLA,, VEJAM!!! \nhttp://t.co/sdC7bcK1lt\nhttp://t.co/s67nXhQFI0', u'TweetDeck']"
"[378137091, u'', datetime.datetime(2014, 11, 19, 16, 0, 23), u'UMA MENTIRA CHAMADA ,,EBOLA,, VEJAM!!! \nhttp://t.co/v276XG8LBb\nhttp://t.co/4i0IFgMuUc', u'TweetDeck']"
"[328445274, u'Inkster Mi \u26c4\ufe0f\u2744\ufe0f ', datetime.datetime(2014, 11, 19, 16, 0, 24), u'RT @KayGotBooty: ZOMBIE APOCALYPSE : Ebola victims in African village \u2018rise from the dead\u2019 http://t.co/8nNrlmacGU http://t.co/KEhuWipQ8b', u'Twitter for iPhone']"
"[574760699, u'', datetime.datetime(2014, 11, 19, 16, 0, 24), u'RT @TheFunnyVine: When you lie and tell a bad ass kid they got Ebola\U0001f602\U0001f602\U0001f602\U0001f602 https://t.co/Dd8exerQAZ', u'Twitter for iPhone']"
"[515866676, u'VA 757 ', datetime.datetime(2014, 11, 19, 16, 0, 24), u'RT @GeniusPothead: A blunt a day\nkeeps the Ebola away http://t.co/fUAbMQ3nKR', u'Twitter for Android']"
"[480416456, u'Lebanon', datetime.datetime(2014, 11, 19, 16, 0, 24), u'RT @Vevo_UK: Buying @BandAid30 goes directly to fighting Ebola. Watch the video now which includes @onedirection + @Ollyofficial! http://t.\u2026', u'Twitter Web Client']"
"[606783277, u'Gotham City', datetime.datetime(2014, 11, 19, 16, 0, 24), u'@jenna_santa Texas... Be careful with Ebola.', u'Twitter for iPhone']"
"[2163009374L, u'Ireland', datetime.datetime(2014, 11, 19, 16, 0, 24), u'Bono, Ellie Goulding, Ben Affleck, Morgan Freeman &amp; more team up for powerful #Ebola video:\nhttp://t.co/xPh2T6NrpK http://t.co/cnWYwQDmMu', u'TweetDeck']"
"[862133754, u'', datetime.datetime(2014, 11, 19, 16, 0, 25), u'Surgeon Brought from Sierra Leone Dies of Ebola in U.S. http://t.co/JmtacM34la via @democracynow #FoxNews #MSNBC #RT #ABC #CBS', u'Twitter for Websites']"
"[717072708, u'', datetime.datetime(2014, 11, 19, 16, 0, 25), u'UMA MENTIRA CHAMADA ,,EBOLA,, VEJAM!!! \nhttp://t.co/TKUdZMZtg6\nhttp://t.co/XakKax4xdb', u'TweetDeck']"
"[2868255475L, u'', datetime.datetime(2014, 11, 19, 16, 0, 25), u""New York person's remains test negative for Ebola: An Ebola test on the body of a person who died of an appare... http://t.co/tDiVNjtzSy"", u'twitterfeed']"
"[294754397, u'ciel', datetime.datetime(2014, 11, 19, 16, 0, 25), u'haha foresaw this haha. Is it Infectiously Dangerous chuune?  RT @felixdonbash Ebola Riddim', u'Mobile Web (M2)']"
"[332430975, u'France N\xb0 vert: 0800 00 21 24', datetime.datetime(2014, 11, 19, 16, 0, 25), u'#Ebola : il est urgent de disposer de tests diagnostiques rapides, sensibles, s\xfbrs et simples - via @WHO http://t.co/iNvzlwNeWC', u'Sprout Social']"
"[167509441, u'', datetime.datetime(2014, 11, 19, 16, 0, 26), u'UMA MENTIRA CHAMADA ,,EBOLA,, VEJAM!!! \nhttp://t.co/abxhfjr1XY\nhttp://t.co/EQhQALFzhC', u'TweetDeck']"
"[582367737, u' \u26a0\ufe0fChasing My Dreams\u26a0\ufe0f', datetime.datetime(2014, 11, 19, 16, 0, 26), u'RT @GeniusPothead: A blunt a day\nkeeps the Ebola away http://t.co/fUAbMQ3nKR', u'Twitter for iPhone']"
"[171464879, u'kolkata', datetime.datetime(2014, 11, 19, 16, 0, 26), u'A young Indian doctor who volunteered to spend four weeks in west Africa helping those suffering and dying of Ebola, http://t.co/eyWjpRhVYF', u'Twitter for Android Tablets']"
"[712172221, u'', datetime.datetime(2014, 11, 19, 16, 0, 26), u'#OnKokonsaGhThisWeek Ghana plans subsidising Ebola vaccines http://t.co/Cj10Ndapai', u'Evergreen Post Tweeter']"
"[2881374400L, u'', datetime.datetime(2014, 11, 19, 16, 0, 26), u'RT @Vevo_UK: Buying @BandAid30 goes directly to fighting Ebola. Watch the video now which includes @onedirection + @Ollyofficial! http://t.\u2026', u'Twitter for Android']"
"[180938591, u'', datetime.datetime(2014, 11, 19, 16, 0, 27), u'UMA MENTIRA CHAMADA ,,EBOLA,, VEJAM!!! \nhttp://t.co/pOvF7KmDrR\nhttp://t.co/vjUacMajJc', u'TweetDeck']"
"[276627984, u'', datetime.datetime(2014, 11, 19, 16, 0, 27), u'UMA MENTIRA CHAMADA ,,EBOLA,, VEJAM!!! \nhttp://t.co/3XQ5Poo4i2\nhttp://t.co/cyvlzTNthd', u'TweetDeck']"
"[346857967, u'', datetime.datetime(2014, 11, 19, 16, 0, 27), u'UMA MENTIRA CHAMADA ,,EBOLA,, VEJAM!!! \nhttp://t.co/gPO6CL8tqz\nhttp://t.co/VRsvpYHaMm', u'TweetDeck']"
"[539465577, u'', datetime.datetime(2014, 11, 19, 16, 0, 27), u'UMA MENTIRA CHAMADA ,,EBOLA,, VEJAM!!! \nhttp://t.co/oAtuk7Ntb8\nhttp://t.co/kuD60VpU2A', u'TweetDeck']"
"[322216282, u'Paris', datetime.datetime(2014, 11, 19, 16, 0, 27), u'Si\xe8ge \u2013 Charg\xe9(e) de recrutement &amp; suivi des expatri\xe9s \u2013 Urgence Ebola \u2013 Paris/Clichy http://t.co/YWQX6PItoT via @reliefweb @Solidarites_Int', u'Twitter for iPhone']"
"[2751876922L, u'Miles away from world', datetime.datetime(2014, 11, 19, 16, 0, 27), u'RT @Vevo_UK: Buying @BandAid30 goes directly to fighting Ebola. Watch the video now which includes @onedirection + @Ollyofficial! http://t.\u2026', u'Twitter for Android']"
"[2555625301L, u'Dodge Center', datetime.datetime(2014, 11, 19, 16, 0, 27), u""Me: who wants to hear an ebola joke? Ehh you won't get it!\n@Cohenour_Morgan: let hear it!! #duhhhh"", u'Twitter for Android']"
"[218921054, u'', datetime.datetime(2014, 11, 19, 16, 0, 28), u'UMA MENTIRA CHAMADA ,,EBOLA,, VEJAM!!! \nhttp://t.co/zTvkhGlMCX\nhttp://t.co/TwRyyoddic', u'TweetDeck']"
"[2499837593L, u'', datetime.datetime(2014, 11, 19, 16, 0, 28), u'Ebola epidemic may cost Africa $4bn -World Bank http://t.co/wN6un6UNW0', u'Facebook']"
"[463815677, u'', datetime.datetime(2014, 11, 19, 16, 0, 28), u'UMA MENTIRA CHAMADA ,,EBOLA,, VEJAM!!! \nhttp://t.co/Q2XV3XVOEr\nhttp://t.co/G8JQ5Ot1Tb', u'TweetDeck']"
"[551275401, u'', datetime.datetime(2014, 11, 19, 16, 0, 28), u'UMA MENTIRA CHAMADA ,,EBOLA,, VEJAM!!! \nhttp://t.co/tw0cyi43OB\nhttp://t.co/OW0pmqcIZt', u'TweetDeck']"
"[41289757, u'', datetime.datetime(2014, 11, 19, 16, 0, 28), u'UMA MENTIRA CHAMADA ,,EBOLA,, VEJAM!!! \nhttp://t.co/wVAz4EDBDF\nhttp://t.co/9aDCsHsrkB', u'TweetDeck']"
"[218243684, u'', datetime.datetime(2014, 11, 19, 16, 0, 28), u'UMA MENTIRA CHAMADA ,,EBOLA,, VEJAM!!! \nhttp://t.co/Ixnyz23tCN\nhttp://t.co/QZ46F0Jaic', u'TweetDeck']"
"[290802460, u'', datetime.datetime(2014, 11, 19, 16, 0, 28), u'UMA MENTIRA CHAMADA ,,EBOLA,, VEJAM!!! \nhttp://t.co/YIU9sR5zmv\nhttp://t.co/RgSMbSdH3X', u'TweetDeck']"
"[2190214278L, u'', datetime.datetime(2014, 11, 19, 16, 0, 28), u'RT @FunnyViness: I have Ebola https://t.co/WCsyB0yFN0', u'Twitter Web Client']"
"[720478982, u'', datetime.datetime(2014, 11, 19, 16, 0, 28), u'UMA MENTIRA CHAMADA ,,EBOLA,, VEJAM!!! \nhttp://t.co/pfoYipKkrf\nhttp://t.co/uLJdzEDxYc', u'TweetDeck']"
"[17168510, u'', datetime.datetime(2014, 11, 19, 16, 0, 28), u'UMA MENTIRA CHAMADA ,,EBOLA,, VEJAM!!! \nhttp://t.co/1KdGFUVIaV\nhttp://t.co/3jg7P2Sq0u', u'TweetDeck']"
"[1719583861, u'', datetime.datetime(2014, 11, 19, 16, 0, 28), u'#sexi #antiracism Cuban doctor diagnosed with Ebola A Cuban doctor working in Sierra Leone has bee  http://t.co/SJ9AnQpTkI', u'twittbot.net']"
"[185193635, u'', datetime.datetime(2014, 11, 19, 16, 0, 28), u'Ajudeu a curar l\'ebola a l\'\xc0frica comprant la versi\xf3 de ""Do they know it\'s Christmas?"" de grans noms de la m\xfasica https://t.co/IV9DvZyDDt', u'TweetDeck']"
"[176541577, u'', datetime.datetime(2014, 11, 19, 16, 0, 28), u'UMA MENTIRA CHAMADA ,,EBOLA,, VEJAM!!! \nhttp://t.co/A3fWOsJ3Fe\nhttp://t.co/YxzD54xB4z', u'TweetDeck']"
"[80888858, u'Santa Clara, Villa Clara, Cuba', datetime.datetime(2014, 11, 19, 16, 0, 29), u'Colaborador cubano diagnosticado de \xe9bola esta siendo atendido por un equipo de profesionales brit\xe1nicos #Cuba #Ebola http://t.co/qxNOw8CQuH', u'TweetDeck']"
"[1065445292, u'', datetime.datetime(2014, 11, 19, 16, 0, 29), u""RT @rusembitaly: #Lavrov: #Kerry said to ignore #Obama's statement putting #Russia in same basket with terrorism and #Ebola http://t.co/AGR\u2026"", u'Twitter for iPad']"
"[305037754, u'', datetime.datetime(2014, 11, 19, 16, 0, 29), u'Ebola Outbreak 2014: Bill And Melinda Gates Leading Study On Survivor Blood Transfusions http://t.co/0xQXVVpL6I', u'Twitter for Websites']"
"[1939989307, u'', datetime.datetime(2014, 11, 19, 16, 0, 30), u'RT @iGimme: \u0e28\u0e34\u0e23\u0e34\u0e23\u0e32\u0e0a\u0e0b\u0e37\u0e49\u0e2d\u0e40\u0e04\u0e23\u0e37\u0e48\u0e2d\u0e07\u0e15\u0e23\u0e27\u0e08Ebola \u0e04\u0e34\u0e14\u0e04\u0e49\u0e19antibody\u0e44\u0e14\u0e49\u0e02\u0e36\u0e49\u0e19\u0e01\u0e23\u0e2d\u0e1a\u0e42\u0e04\u0e15\u0e23\u0e40\u0e25\u0e47\u0e01\u0e43\u0e19\u0e44\u0e17\u0e22\u0e23\u0e31\u0e10 \u0e2a\u0e48\u0e27\u0e19\u0e02\u0e48\u0e32\u0e27\u0e2b\u0e19\u0e49\u0e32\u0e2b\u0e19\u0e36\u0e48\u0e07\u0e19\u0e49\u0e2d\u0e07\u0e40\u0e2b\u0e22\u0e14\u0e41\u0e21\u0e4b\u0e02\u0e36\u0e49\u0e19\u0e0b\u0e30\u0e43\u0e2b\u0e0d\u0e48 #\u0e42\u0e04\u0e15\u0e23\u0e44\u0e17\u0e22 http://t.\u2026', u'Twitter for Android']"
"[2466009575L, u'worldwide', datetime.datetime(2014, 11, 19, 16, 0, 30), u'One of 165 Cuban Doctors in Sierra Leone Tests Positive for Ebola Epidemic (Minor) http://t.co/9B0GZf3zNX', u'IFTTT']"
"[360106208, u'', datetime.datetime(2014, 11, 19, 16, 0, 30), u'@StanCollymore 10 of us are running a combined 200km for @MSF_uk to help put a stop to #Ebola Please share http://t.co/x5KscAHM0V', u'Twitter for Android']"
"[2221664083L, u'No meu mundinho perfeito', datetime.datetime(2014, 11, 19, 16, 0, 31), u'RT @Panda_Dramatico: - 190 qual sua emerg\xeancia?\n- t\xf4 com o virus ebola.\n- toma paracetamol.\n- mas..\n- 3 vezes ao dia.\n- s\xf3 que..\n- PA-RA-CE\u2026', u'Twitter Web Client']"
"[2662084814L, u'Silicon Valley, USA', datetime.datetime(2014, 11, 19, 16, 0, 31), u'Cuban doctor diagnosed with Ebola - http://t.co/pRlG0Kw3ym', u'synopsisTODAY\u2122']"
"[2764063637L, u'', datetime.datetime(2014, 11, 19, 16, 0, 32), u'http://t.co/9Af4UGcDxI : Cuban doctor to be flown to Geneva for Ebola care: Swiss', u'CyberNewsUS']"
"[2853392008L, u'', datetime.datetime(2014, 11, 19, 16, 0, 32), u'RT @vijay9831: A young Indian doctor who volunteered to spend four weeks in west Africa helping those suffering and dying of Ebola, http://\u2026', u'BBotMaker - Bot \xe0 mots-cl\xe9s']"
"[416403241, u'shah alam', datetime.datetime(2014, 11, 19, 16, 0, 33), u'RT @GeniusPothead: A blunt a day\nkeeps the Ebola away http://t.co/fUAbMQ3nKR', u'Twitter for Android']"
"[2866202752L, u'', datetime.datetime(2014, 11, 19, 16, 0, 33), u""RT @Observateurs: PHOTO DU JOUR: le mur o\xf9 les patients gu\xe9ris d'Ebola inscrivent leur empreinte \xa9MSF http://t.co/AmWJFm9B2z http://t.co/6V\u2026"", u'Twitter for Android']"
"[305203241, u'Snepchet: iia08hepburnr ', datetime.datetime(2014, 11, 19, 16, 0, 34), u'For Christmas this year I want Bob Geldof to go to West Africa, contact and die as a result of Ebola.', u'Twitter for Android']"
"[1108731342, u'London/Dover', datetime.datetime(2014, 11, 19, 16, 0, 35), u""I don't think anyone wants Bono to reach out and touch them, especially not people who are suffering from ebola. Don't poke ill people Bono."", u'Twitter Web Client']"
"[2355258758L, u'', datetime.datetime(2014, 11, 19, 16, 0, 34), u'Video: Matt Damon, Ben Affleck, Morgan Freeman - silent in response to Ebola crisis #WorldNews http://t.co/qENN89Omqe', u'ForceTweet']"
"[325044007, u'Adelaide, Australia', datetime.datetime(2014, 11, 19, 16, 0, 36), u'@IllicitPopsicle @onekade If anyone had any foresight, we\'d be calling her ""Ebola nurse 1""', u'Twitter Web Client']"
"[802939706, u'', datetime.datetime(2014, 11, 19, 16, 0, 36), u'RT @GeniusPothead: A blunt a day\nkeeps the Ebola away http://t.co/fUAbMQ3nKR', u'Twitter for iPhone']"
"[66119485, u'Glasgow', datetime.datetime(2014, 11, 19, 16, 0, 36), u'RT @rocza: Wielded my red pen on the new #Ebola-related #BandAid30 lyrics. Skip the song, donate direct. http://t.co/7Ts6RJgKWM http://t.co\u2026', u'Twitter Web Client']"
"[2404402053L, u'FC - Ryan Gosling m7', datetime.datetime(2014, 11, 19, 16, 0, 36), u'@RetrosLandon @EveRoberts_x the sheep are like fucking ebola, EVERYWHERE', u'Twitter for iPad']"
"[117074732, u""b'glre"", datetime.datetime(2014, 11, 19, 16, 0, 36), u'RT @Fact: Ebola panic: 9 symptoms to be on the lookout for... http://t.co/MgEvhZzTuX', u'Twitter for Android']"
"[254613739, u'', datetime.datetime(2014, 11, 19, 16, 0, 37), u'#PappapaOullala Ensemble ils vont battre #EBOLA', u'Twitter for iPad']"
"[385171879, u'atx', datetime.datetime(2014, 11, 19, 16, 0, 37), u'RT @GeniusPothead: A blunt a day\nkeeps the Ebola away http://t.co/fUAbMQ3nKR', u'Twitter Web Client']"
"[114630398, u'All Around The World', datetime.datetime(2014, 11, 19, 16, 0, 38), u'RT @alwysBEEme: ""@Sheen300: They think Ebola stopped and died down...naw they just stopped telling y\'all about it on the news.. #WakeUp"" ex\u2026', u'Twitter for Android']"
"[2178698850L, u'\u6771\u4eac\u90fd\u2192\u30b8\u30e3\u30ac\u30a4\u30e2\u7551\u306e\u3069\u771f\u3093\u4e2d', datetime.datetime(2014, 11, 19, 16, 0, 38), u'#\u507d2ch\u9a12\u52d5 #sexi Cuban doctor diagnosed with Ebola A Cuban doctor working in Sierra Leone has bee  http://t.co/d25hYGJW7b', u'twittbot.net']"
"[573647747, u'WWAT Vicente Calderon', datetime.datetime(2014, 11, 19, 16, 0, 38), u'RT @Vevo_UK: Buying @BandAid30 goes directly to fighting Ebola. Watch the video now which includes @onedirection + @Ollyofficial! http://t.\u2026', u'Twitter for Android']"
"[1972786862, u'', datetime.datetime(2014, 11, 19, 16, 0, 39), u'RT @CubanetNoticias: #Cuba M\xe9dico cubano da positivo por \xe9bola http://t.co/NgpEYTLewM http://t.co/mmbmCeyOHz', u'Twitter for iPhone']"
"[16634289, u'', datetime.datetime(2014, 11, 19, 16, 0, 39), u'African tourism hit by ebola fears though safari parks are further from outbreak than Europe http://t.co/s2PumeBbfW', u'Twitter for iPhone']"
"[24964881, u'Boise, Idaho', datetime.datetime(2014, 11, 19, 16, 0, 39), u'Now that election is over not an issue?   MT @clairecmc: Fascinating.Empty seats, no cameras for hearing on Ebola... http://t.co/OzhsfMpTmW', u'TweetDeck']"
"[576801455, u'', datetime.datetime(2014, 11, 19, 16, 0, 40), u'RT @KHOU: Patient at Ben Taub tests negative for Ebola http://t.co/tKLPwgv92A #health', u'Twitter for iPhone']"
"[203362803, u'Venezuela', datetime.datetime(2014, 11, 19, 16, 0, 40), u'RT @Vevo_UK: Buying @BandAid30 goes directly to fighting Ebola. Watch the video now which includes @onedirection + @Ollyofficial! http://t.\u2026', u'Twitter for Android']"
"[263282373, u'', datetime.datetime(2014, 11, 19, 16, 0, 40), u""RT @OKnox: @kaleekreider @clairecmc It's not very practical, but at least we now know that the cure for Ebola hysteria in the US is mid-ter\u2026"", u'Twitter for iPad']"
"[344880213, u'', datetime.datetime(2014, 11, 19, 16, 0, 40), u'This headline makes me imagine a boy whose semen has secretly become autonomous....and now has #ebola http://t.co/0V39E3nhDO', u'Twitter Web Client']"
"[1202174402, u'', datetime.datetime(2014, 11, 19, 16, 0, 40), u'RT @AlainaHopeO: Ebola at OHS?', u'Twitter for iPhone']"
"[2502746996L, u'Dreams of california', datetime.datetime(2014, 11, 19, 16, 0, 40), u'RT @GeniusPothead: A blunt a day\nkeeps the Ebola away http://t.co/fUAbMQ3nKR', u'Twitter for iPad']"
"[1022484170, u'', datetime.datetime(2014, 11, 19, 16, 0, 41), u""RT @Vice_Is_Hip: Is Ebola the new Mrs Brown's Boys?"", u'Twitter Web Client']"
"[1683449258, u'san salvador', datetime.datetime(2014, 11, 19, 16, 0, 42), u'RT @NBCNewsHealth: U.S. and Africa Both Need Ebola-Ready Hospitals, Experts Say http://t.co/mowWDTZNJP', u'Twitter Web Client']"
"[28690762, u'Manhattan, New York', datetime.datetime(2014, 11, 19, 16, 0, 42), u'RT @rocza: Wielded my red pen on the new #Ebola-related #BandAid30 lyrics. Skip the song, donate direct. http://t.co/7Ts6RJgKWM http://t.co\u2026', u'TweetDeck']"
"[1109712985, u'Puerto Rico', datetime.datetime(2014, 11, 19, 16, 0, 42), u'RT @GeniusPothead: A blunt a day\nkeeps the Ebola away http://t.co/fUAbMQ3nKR', u'Twitter for iPhone']"
"[939775632, u'Cardiff University', datetime.datetime(2014, 11, 19, 16, 0, 42), u'What MSF are doing in West Africa: http://t.co/oGrjqBOozg http://t.co/fq8AxXuBMd', u'Facebook']"
"[2454146035L, u'Austin, TX', datetime.datetime(2014, 11, 19, 16, 0, 42), u'RT @yrreJ_x: Ebola Chip 5 rts and ill eat it http://t.co/fQc6Tw4BMY', u'Twitter for iPhone']"
"[2215209272L, u'NYC', datetime.datetime(2014, 11, 19, 16, 0, 43), u""Well she's labled-Ebola Nurse: Stop calling me the 'Ebola Nurse'\nhttp://t.co/mRXkLvGeRd"", u'Buffer']"
"[2355539460L, u'\u6749\u4e26\u533a\u837b\u7aaa', datetime.datetime(2014, 11, 19, 16, 0, 44), u'#\u3075\u3093\u3069\u3057\u306e\u5de8\u4eba Cuban doctor diagnosed with Ebola A Cuban doctor working in Sierra Leone has bee  http://t.co/GF7LZc1hsx', u'twittbot.net']"
"[138823791, u'Liberia, California, New York ', datetime.datetime(2014, 11, 19, 16, 0, 44), u'Check out the Act Up Against #Ebola: Organizing Against Fear episode @grittv and @LauraFlanders. http://t.co/Xoc6zytLpi', u'Hootsuite']"
"[459743786, u'', datetime.datetime(2014, 11, 19, 16, 0, 44), u'RT @GeniusPothead: A blunt a day\nkeeps the Ebola away http://t.co/fUAbMQ3nKR', u'Twitter for iPhone']"
"[62992942, u'THRASHER', datetime.datetime(2014, 11, 19, 16, 0, 44), u'RT @GeniusPothead: A blunt a day\nkeeps the Ebola away http://t.co/fUAbMQ3nKR', u'Twitter for iPhone']"
"[1606025952, u'Silver Spring, MD', datetime.datetime(2014, 11, 19, 16, 0, 44), u'Borio at #Ebola hearing: Our decisions are always based on science ... we will continue to move as fast as the science allows.', u'Hootsuite']"
"[14647484, u'', datetime.datetime(2014, 11, 19, 16, 0, 45), u""At this rate I wouldn't be surprised if this computer tested positive for Ebola. Yikes."", u'Twitter for Android']"
"[2746444839L, u'Worldwide', datetime.datetime(2014, 11, 19, 16, 0, 46), u""#WeCanFightEbola #Sportsblitz24 #WeLoveFootball  Hit the like (Y) button.. Let's fight Ebola"", u'Twitter for BlackBerry\xae']"
"[18684662, u'London', datetime.datetime(2014, 11, 19, 16, 0, 46), u'Why was man certified Ebola-free quarantined in India? http://t.co/5JAL8T3pms #Ebola', u'Twitter Web Client']"
"[439649249, u'#GIB #Dallastx #GaryIN', datetime.datetime(2014, 11, 19, 16, 0, 46), u'RT @funkflex: Patient Number Two In The U.S. Dies Of The Ebola!!! - http://t.co/ywN0rrTxO5 #IFWT', u'Twitter for Windows Phone']"
"[26947929, u'with JESUS by the sea', datetime.datetime(2014, 11, 19, 16, 0, 48), u'RT @M24Miles: @M24Miles ""Then the Dr. is determined to have Ebola and sent to hospital in USA, Nebraska, where Ebola takes his life. Now th\u2026', u'Twitter Web Client']"
"[385451589, u'POLAND-LUBLIN', datetime.datetime(2014, 11, 19, 16, 0, 48), u'@patchrzan za bardzo nie znosz\u0119 upa\u0142\xf3w,tam za d\u0142ugo s\u0105:-)ale na kr\xf3tko, tak:) cholera,chyba tam jeszcze jest ta ebola.Nie jad\u0119 na razie :-)', u'Twitter Web Client']"
"[177702195, u'', datetime.datetime(2014, 11, 19, 16, 0, 48), u'@M24Miles ""So where was Obama\'s govt abundance of caution when they monitored potential Ebola woman and let her do peoples hair in NY!"" ...', u'Twitter Web Client']"
"[229010922, u'NYC,NYC', datetime.datetime(2014, 11, 19, 16, 0, 48), u""RT @dpakman: Have you noticed that post-election Ebola coverage, including of recent death, hasn't been panicked fearmongering? http://t.co\u2026"", u'Twitter for Android']"
"[234553086, u'', datetime.datetime(2014, 11, 19, 16, 0, 49), u'RT @pensbender: wiffle ball \u2705\nblood clots \u2705\nstroke \u2705\ncancerous tumor \u2705\nacl \u2705\nebola ____', u'Twitter Web Client']"
"[1621153064, u'Okotoks Canada', datetime.datetime(2014, 11, 19, 16, 0, 49), u'RT @picardonhealth: Should Canada tear up the #Ebola vaccine contract with NewLink Genetics? w/ @profamirattaran http://t.co/j1yS8vbrR7 @Th\u2026', u'Twitter for iPhone']"
"[230542516, u'Toronto', datetime.datetime(2014, 11, 19, 16, 0, 49), u'FIFTH HARMONYS ALL I WANT FPR CHRISTMAS COVER GIVES ME FUCKING LIFE. ITS LITERSLLY THE CURE TO EBOLA', u'Twitter for iPad']"
"[289089099, u'', datetime.datetime(2014, 11, 19, 16, 0, 49), u'RT @TrunewsRadio: Woman who was being monitored for Ebola drops dead with blood coming from her face, nose and \u2026 http://t.co/OTe3Cu8Ofo htt\u2026', u'Twitter for iPhone']"
"[927772573, u'', datetime.datetime(2014, 11, 19, 16, 0, 49), u'RT @Vevo_UK: Buying @BandAid30 goes directly to fighting Ebola. Watch the video now which includes @onedirection + @Ollyofficial! http://t.\u2026', u'Twitter for iPhone']"
"[2768333524L, u'', datetime.datetime(2014, 11, 19, 16, 0, 49), u'RT @Vevo_UK: Buying @BandAid30 goes directly to fighting Ebola. Watch the video now which includes @onedirection + @Ollyofficial! http://t.\u2026', u'Twitter for iPhone']"
"[42953038, u'Johannesburg', datetime.datetime(2014, 11, 19, 16, 0, 50), u'RT @PathogenPhD: Why was \u2018Ebola-free\u2019 survivor quarantined in India after viral traces in his semen? http://t.co/2YPvZKv6xo via @Conversati\u2026', u'TweetDeck']"
"[299332640, u'Globetrotting', datetime.datetime(2014, 11, 19, 16, 0, 50), u'RT @clairecmc: Fascinating.Empty seats and no cameras for hearing on Ebola &amp; public health:threats,lessons learned,and preparedness http://\u2026', u'Twitter for iPhone']"
"[2836785657L, u'', datetime.datetime(2014, 11, 19, 16, 0, 50), u""RT @dpakman: Have you noticed that post-election Ebola coverage, including of recent death, hasn't been panicked fearmongering? http://t.co\u2026"", u'Twitter Web Client']"
"[41899868, u'Thot Island, New York', datetime.datetime(2014, 11, 19, 16, 0, 50), u'RT @GeniusPothead: A blunt a day\nkeeps the Ebola away http://t.co/fUAbMQ3nKR', u'Twitter for iPhone']"
"[1312160455, u'Jamaica', datetime.datetime(2014, 11, 19, 16, 0, 51), u'#NewMusic\nEbola Riddim - UIM Records\nhttp://t.co/Zu6HOF7LmO\n@UIMRECORDS @ANJUBLAX', u'Twitter Web Client']"
"[709427177, u'', datetime.datetime(2014, 11, 19, 16, 0, 51), u'RT @Vevo_UK: Buying @BandAid30 goes directly to fighting Ebola. Watch the video now which includes @onedirection + @Ollyofficial! http://t.\u2026', u'Twitter for Android']"
"[1859738918, u'', datetime.datetime(2014, 11, 19, 16, 0, 52), u'RT @GeniusPothead: A blunt a day\nkeeps the Ebola away http://t.co/fUAbMQ3nKR', u'Twitter for iPhone']"
"[241152422, u'', datetime.datetime(2014, 11, 19, 16, 0, 52), u'Nurses union: #OSHA must tighten #Ebola protection requirements #LaborNews http://t.co/hp5IPKZbGF', u'Hootsuite']"
"[213098960, u'', datetime.datetime(2014, 11, 19, 16, 0, 52), u'Ebola: An Ebola survivor has been quarantined in India after his semen tested positive for the virus, health o... http://t.co/TicjCuiEjb', u'twitterfeed']"
"[1733751636, u'1D MY LIFE', datetime.datetime(2014, 11, 19, 16, 0, 52), u'RT @Vevo_UK: Buying @BandAid30 goes directly to fighting Ebola. Watch the video now which includes @onedirection + @Ollyofficial! http://t.\u2026', u'Twitter for Android']"
"[2515128924L, u'', datetime.datetime(2014, 11, 19, 16, 0, 52), u'Germ-zapping robot could fight Ebola and other deadly viruses | http://t.co/KnVL6hQ58D', u'Twitter for Android']"
"[19181549, u'919USA  www brain mindmap tv', datetime.datetime(2014, 11, 19, 16, 0, 53), u""BBC News - Cuba's health diplomacy in the age of Ebola http://t.co/jwNMxpDZu2"", u'Buffer']"
"[1955306840, u'France', datetime.datetime(2014, 11, 19, 16, 0, 53), u'RT @fpenard: Si\xe8ge \u2013 Charg\xe9(e) de recrutement &amp; suivi des expatri\xe9s \u2013 Urgence Ebola \u2013 Paris/Clichy http://t.co/YWQX6PItoT via @reliefweb @S\u2026', u'BBotMaker - Bot \xe0 mots-cl\xe9s']"
"[220357425, u'', datetime.datetime(2014, 11, 19, 16, 0, 53), u'RT @BBGAfrica: Mali Nurse Endures Neighbors\u2019 Stoning to Battle Ebola  http://t.co/ekT4sy8N4T', u'Mobile Web (M2)']"
"[1013985996, u'#LakerNation \u270a', datetime.datetime(2014, 11, 19, 16, 0, 53), u'RT @GeniusPothead: A blunt a day\nkeeps the Ebola away http://t.co/fUAbMQ3nKR', u'Twitter for iPhone']"
"[1726926338, u'', datetime.datetime(2014, 11, 19, 16, 0, 53), u""This African girl in my class asked me if I had Ebola bc I'm sick \U0001f602\U0001f629\U0001f629\U0001f629\U0001f44a"", u'Twitter for iPhone']"
"[436178195, u'', datetime.datetime(2014, 11, 19, 16, 0, 53), u""RT @masloss: Ebola- 1 death (American) \nBuffalo Storm 14' - 5 deaths \n\nLooks like America was better equipped to handle a disease than a sn\u2026"", u'Twitter for iPhone']"
"[2709818358L, u'london', datetime.datetime(2014, 11, 19, 16, 0, 54), u'RT @GooCraft: Oh shit ebola-chan cults http://t.co/n1cq3zL7vW', u'Twitter for iPhone']"
"[1386602072, u'', datetime.datetime(2014, 11, 19, 16, 0, 54), u'I honestly think I have ebola', u'Twitter for iPhone']"
"[1304515705, u'', datetime.datetime(2014, 11, 19, 16, 0, 54), u'Ebola forcing Liberians out of work', u'Google']"
"[123628729, u'Singapore', datetime.datetime(2014, 11, 19, 16, 0, 54), u'@ONECampaign Ebola is a hygiene issue which needs habit change. Celebrate @worldtoiletday to solve this crisis @EbolaAlert', u'Twitter for Android']"
"[102972036, u'', datetime.datetime(2014, 11, 19, 16, 0, 55), u'V\xeddeo com estrelas tenta conscientizar sobre o Ebola: V\xe1rias estrelas da m\xfasica e do cinema, como Bono Vox e B... http://t.co/zviwbYv7ZS', u'twitterfeed']"
"[2861671654L, u'The Internet', datetime.datetime(2014, 11, 19, 16, 0, 55), u'Half Of Liberian Workforce Not Working Due To Ebola Virus: World Bank: Source: www.ibtimes.... http://t.co/HpFyBNpdg5 #TwendingNow', u'twitterfeed']"
"[15298280, u'Fairfax, VA', datetime.datetime(2014, 11, 19, 16, 0, 55), u'RT @wxdancer: Great talk on Dallas and TX response to Ebola fears and how flexible ICS and public education made difference for success.  #\u2026', u'Hootsuite']"
"[2363481859L, u'McKinney', datetime.datetime(2014, 11, 19, 16, 0, 56), u'RT @BBCSport: Ibrahima Traore has to beg @borussia_en to let him play for Guinea due to Ebola fears http://t.co/McpTwHhmhm http://t.co/PnMX\u2026', u'Twitter for iPhone']"
"[2458311762L, u'', datetime.datetime(2014, 11, 19, 16, 0, 56), u'#cnn Ebola http://t.co/4Wu12hFmbn', u'twitterfeed']"
"[112251080, u'London \u2708 I wish \u270c otra austria', datetime.datetime(2014, 11, 19, 16, 0, 56), u'RT @Vevo_UK: Buying @BandAid30 goes directly to fighting Ebola. Watch the video now which includes @onedirection + @Ollyofficial! http://t.\u2026', u'Twitter Web Client']"
"[586233811, u'her chameleon soul is dead ', datetime.datetime(2014, 11, 19, 16, 0, 56), u'RT @GeniusPothead: A blunt a day\nkeeps the Ebola away http://t.co/fUAbMQ3nKR', u'Twitter for iPad']"
"[568691318, u'', datetime.datetime(2014, 11, 19, 16, 0, 56), u'RT @GeniusPothead: A blunt a day\nkeeps the Ebola away http://t.co/fUAbMQ3nKR', u'Twitter for iPhone']"
"[1367934458, u'Lambres-lez-douai', datetime.datetime(2014, 11, 19, 16, 0, 57), u'RT @Vevo_UK: Buying @BandAid30 goes directly to fighting Ebola. Watch the video now which includes @onedirection + @Ollyofficial! http://t.\u2026', u'Twitter Web Client']"
"[1905235814, u'Siksika Nation, AB', datetime.datetime(2014, 11, 19, 16, 0, 57), u'20,000 California nurses go on strike over Ebola fears http://t.co/DORIcj2p2j', u'Twitter for Websites']"
"[911187002, u'', datetime.datetime(2014, 11, 19, 16, 0, 57), u'RT @GeniusPothead: A blunt a day\nkeeps the Ebola away http://t.co/fUAbMQ3nKR', u'Twitter for Android']"
"[893589835, u'Nouveaux-Brunswick', datetime.datetime(2014, 11, 19, 16, 0, 57), u'RT @Vevo_UK: Buying @BandAid30 goes directly to fighting Ebola. Watch the video now which includes @onedirection + @Ollyofficial! http://t.\u2026', u'Twitter for iPhone']"
"[140168836, u'', datetime.datetime(2014, 11, 19, 16, 0, 57), u'West African Mining Projects Take Hit From Ebola Crisis \u2013 by Patrick\u2026 http://t.co/PtdVXiaJmB #Vanadium #Google', u'Google']"
"[2280798452L, u'', datetime.datetime(2014, 11, 19, 16, 0, 58), u'#Cuba Helps #Jamaica against #Ebola http://t.co/LAF0XWDGs2', u'WordPress.com']"
"[946727258, u'In Memphis Telling Jokes', datetime.datetime(2014, 11, 19, 16, 0, 58), u'I Do \U0001f605\U0001f602 #realniggaseatbooty #idgt #kevingates #ebola #niggasbelike #bwa #lmao #funnyshit #regram\u2026 http://t.co/nfrrLcXubu', u'Instagram']"
"[2362333436L, u'', datetime.datetime(2014, 11, 19, 16, 0, 58), u'RT @KayGotBooty: ZOMBIE APOCALYPSE : Ebola victims in African village \u2018rise from the dead\u2019 http://t.co/8nNrlmacGU http://t.co/KEhuWipQ8b', u'Twitter Web Client']"
"[2728747346L, u'Bengkulu - Padang, Indonesia', datetime.datetime(2014, 11, 19, 16, 0, 58), u'#cnn Ebola http://t.co/ueCZ6lE33S', u'twitterfeed']"
"[1262901086, u'not where I was a minute ago', datetime.datetime(2014, 11, 19, 16, 0, 58), u'@developspacesa @nonprofitorgs @africa2moon ahhm funded by ebola aid money? Food for thought?', u'Twitter for iPhone']"
"[23642918, u'', datetime.datetime(2014, 11, 19, 16, 0, 58), u'RT @cliffpavlovic: U.S. Will Test Multiple Ebola Drugs in Clinical Trials [Bloomberg] http://t.co/nzLB5UFLg4', u'TweetDeck']"
"[20861362, u'Gold Canyon, AZ this week', datetime.datetime(2014, 11, 19, 16, 0, 59), u'Woman suddenly dies after W. Africa trip, sparks Ebola panic @drudgereportapp http://t.co/Z906K5vwH3', u'iOS']"
"[36454287, u'Rockaway, NJ', datetime.datetime(2014, 11, 19, 16, 0, 59), u""Study Will Test Survivors' #Blood to Treat #Ebola: http://t.co/yw2WbEaTYf"", u'Hootsuite']"
"[1660728594, u'', datetime.datetime(2014, 11, 19, 16, 0, 59), u'RT @DCClothesline: NYC Woman on Ebola Watchlist Dies Bleeding From Mouth, Authorities Say ""Heart Attack"" http://t.co/sfOnx98z9t', u'Twitter for iPhone']"
"[117074732, u""b'glre"", datetime.datetime(2014, 11, 19, 16, 1), u'@toprahquotes evn worse dan ebola... \U0001f600', u'Twitter for Android']"
"[566858667, u'Omaha, Nebraska', datetime.datetime(2014, 11, 19, 16, 1), u'Ebola Patient pickup, G-III enroute to Dakar! @healthandcents @chewy27 @RyanBLeslie @LHoughtaling @ChinhDoan http://t.co/fjMX7LqufL \u2026', u'Twitter Web Client']"
"[1606025952, u'Silver Spring, MD', datetime.datetime(2014, 11, 19, 16, 1, 1), u'RT @BioWorld: Borio at #Ebola hearing: More than 300 #FDA staff involved in response to Ebola crisis.', u'Twitter Web Client']"
"[18083519, u'New York, NY', datetime.datetime(2014, 11, 19, 16, 1, 1), u'A public-private partnership would increase our chances of developing a vaccine for #Ebola http://t.co/juki9NMFOj', u'Sprout Social']"
"[156351109, u'Seattle, US', datetime.datetime(2014, 11, 19, 16, 1, 1), u'Aid Groups Say Quarantines Are Deterring Ebola Volunteers http://t.co/gWfL9caYqZ #philanthropy', u'twitterfeed']"
"[431890736, u'', datetime.datetime(2014, 11, 19, 16, 1, 2), u'RT @GeniusPothead: A blunt a day\nkeeps the Ebola away http://t.co/fUAbMQ3nKR', u'Twitter for iPhone']"
"[142928871, u'Pennsylvania ', datetime.datetime(2014, 11, 19, 16, 1, 2), u""RT @J_Schiff: .@ONECampaign's #Ebola response tracker is an incredible resource: http://t.co/nxQX6Bciae http://t.co/LV02F2PU76 via @global_\u2026"", u'Twitter for iPhone']"
"[22970986, u'Louisville, KY', datetime.datetime(2014, 11, 19, 16, 1, 2), u'Trending: Kentucky National Guard members return from mission to fight Ebola http://t.co/iBf22K6O0g http://t.co/kz1s0MbN3T', u'trueAnthem']"
"[498712329, u'Ghana,West Africa ', datetime.datetime(2014, 11, 19, 16, 1, 3), u""RT @MezahiMaher: Algeria and Mali sides display banner: 'Together we can beat Ebola' http://t.co/DtJiECKXNX"", u'Mobile Web (M2)']"
"[2290269564L, u'methford, whoregon ', datetime.datetime(2014, 11, 19, 16, 1, 3), u'RT @GeniusPothead: A blunt a day\nkeeps the Ebola away http://t.co/fUAbMQ3nKR', u'Twitter for iPhone']"
"[2729109015L, u""Dauntless' Maze"", datetime.datetime(2014, 11, 19, 16, 1, 3), u'RT @RAC105Oficial: Ajudeu a curar l\'ebola a l\'\xc0frica comprant la versi\xf3 de ""Do they know it\'s Christmas?"" de grans noms de la m\xfasica https:\u2026', u'Twitter Web Client']"
"[269720896, u'75450', datetime.datetime(2014, 11, 19, 16, 1, 3), u'RT @GeniusPothead: A blunt a day\nkeeps the Ebola away http://t.co/fUAbMQ3nKR', u'Twitter for iPhone']"
"[16664681, u'Los Angeles, CA', datetime.datetime(2014, 11, 19, 16, 1, 3), u'Cuban doctor diagnosed with Ebola will be transferred to Geneva, Switzerland for care http://t.co/z2qlAoaMlV', u'Hootsuite']"
"[442485236, u'19 NJ', datetime.datetime(2014, 11, 19, 16, 1, 4), u'What ever happened to Ebola lol', u'Twitter for iPhone']"
"[197446914, u'Washington, DC', datetime.datetime(2014, 11, 19, 16, 1, 4), u""One @UNICEF_Liberia photographer's glimpse behind the front lines of #EbolaResponse. http://t.co/yikTlKumIj http://t.co/wc5LBK42JO"", u'Hootsuite']"
"[424986455, u'', datetime.datetime(2014, 11, 19, 16, 1, 5), u'RT @Vevo_UK: Buying @BandAid30 goes directly to fighting Ebola. Watch the video now which includes @onedirection + @Ollyofficial! http://t.\u2026', u'Twitter Web Client']"
"[943307599, u'\u0e01 \u0e23 \u0e32 \u0e1f.', datetime.datetime(2014, 11, 19, 16, 1, 5), u'RT @iGimme: \u0e28\u0e34\u0e23\u0e34\u0e23\u0e32\u0e0a\u0e0b\u0e37\u0e49\u0e2d\u0e40\u0e04\u0e23\u0e37\u0e48\u0e2d\u0e07\u0e15\u0e23\u0e27\u0e08Ebola \u0e04\u0e34\u0e14\u0e04\u0e49\u0e19antibody\u0e44\u0e14\u0e49\u0e02\u0e36\u0e49\u0e19\u0e01\u0e23\u0e2d\u0e1a\u0e42\u0e04\u0e15\u0e23\u0e40\u0e25\u0e47\u0e01\u0e43\u0e19\u0e44\u0e17\u0e22\u0e23\u0e31\u0e10 \u0e2a\u0e48\u0e27\u0e19\u0e02\u0e48\u0e32\u0e27\u0e2b\u0e19\u0e49\u0e32\u0e2b\u0e19\u0e36\u0e48\u0e07\u0e19\u0e49\u0e2d\u0e07\u0e40\u0e2b\u0e22\u0e14\u0e41\u0e21\u0e4b\u0e02\u0e36\u0e49\u0e19\u0e0b\u0e30\u0e43\u0e2b\u0e0d\u0e48 #\u0e42\u0e04\u0e15\u0e23\u0e44\u0e17\u0e22 http://t.\u2026', u'Twitter Web Client']"
"[1416710634, u'', datetime.datetime(2014, 11, 19, 16, 1, 5), u'RT @GeniusPothead: A blunt a day\nkeeps the Ebola away http://t.co/fUAbMQ3nKR', u'Twitter for iPhone']"
"[497340245, u'', datetime.datetime(2014, 11, 19, 16, 1, 5), u""RT @masloss: Ebola- 1 death (American) \nBuffalo Storm 14' - 5 deaths \n\nLooks like America was better equipped to handle a disease than a sn\u2026"", u'Twitter for iPhone']"
"[559356088, u'Graub\xfcnden', datetime.datetime(2014, 11, 19, 16, 1, 5), u'Ebola-Patient innert 48 Stunden in Genf http://t.co/7sgq67XsSA', u'iOS']"
"[2894238992L, u'33.2, Megabit Lane, Cyberspace', datetime.datetime(2014, 11, 19, 16, 1, 5), u'The truth is Shrek ebola Patrick could be furious embryo might be official\n #macdonalds', u'DonnyJepp']"
"[285909143, u'Arshentinaaa :33', datetime.datetime(2014, 11, 19, 16, 1, 5), u'RT @Vevo_UK: Buying @BandAid30 goes directly to fighting Ebola. Watch the video now which includes @onedirection + @Ollyofficial! http://t.\u2026', u'Twitter for Android']"
"[23680334, u'London', datetime.datetime(2014, 11, 19, 16, 1, 6), u""RT @J_Schiff: .@ONECampaign's #Ebola response tracker is an incredible resource: http://t.co/nxQX6Bciae http://t.co/LV02F2PU76 via @global_\u2026"", u'Twitter for iPhone']"
"[1165657854, u'Durban', datetime.datetime(2014, 11, 19, 16, 1, 6), u'When sum1 coughs or sneezes .. The whole class be like "" iyaaa ebola! ""', u'Twitter for BlackBerry\xae']"
"[1568359693, u'', datetime.datetime(2014, 11, 19, 16, 1, 6), u""T\xfcrkiye'den Ebola jest'i http://t.co/x8CvhlXj1S"", u'dlvr.it']"
"[42104504, u'Denmark', datetime.datetime(2014, 11, 19, 16, 1, 7), u'RT @Vevo_UK: Buying @BandAid30 goes directly to fighting Ebola. Watch the video now which includes @onedirection + @Ollyofficial! http://t.\u2026', u'Twitter for iPhone']"
"[47071700, u'Nairobi, Kenya', datetime.datetime(2014, 11, 19, 16, 1, 7), u'RT @thomasamter: African tourism hit by ebola fears though safari parks are further from outbreak than Europe http://t.co/s2PumeBbfW', u'Twitter for iPhone']"
"[542205096, u'', datetime.datetime(2014, 11, 19, 16, 1, 8), u""RT @MezahiMaher: Algeria and Mali sides display banner: 'Together we can beat Ebola' http://t.co/DtJiECKXNX"", u'Twitter for iPhone']"
"[25074924, u'Orlando', datetime.datetime(2014, 11, 19, 16, 1, 8), u""The infamous Ebola Nurse, People Magazine's Sexiest Man Alive, &amp; Abu Dhabi's strict photo laws in today's On Demand: http://t.co/tfNabYUdTP"", u'Hootsuite']"
"[1086215340, u'based in Rotterdam, Holland', datetime.datetime(2014, 11, 19, 16, 1, 9), u""Ebola crisis in Liberia: 'One in two workers now jobless' http://t.co/G7uYdU4JJ9"", u'Twitter for Websites']"
"[400643706, u'At the bottom of a bottle ', datetime.datetime(2014, 11, 19, 16, 1, 9), u'Hahahahahaha Chelsea Fergo has Ebola!', u'Twitter Web Client']"
"[1234172942, u'on tour with 5sos', datetime.datetime(2014, 11, 19, 16, 1, 9), u'RT @Vevo_UK: Buying @BandAid30 goes directly to fighting Ebola. Watch the video now which includes @onedirection + @Ollyofficial! http://t.\u2026', u'Twitter for iPhone']"
"[2266368205L, u'Paris', datetime.datetime(2014, 11, 19, 16, 1, 9), u'RT @Vevo_UK: Buying @BandAid30 goes directly to fighting Ebola. Watch the video now which includes @onedirection + @Ollyofficial! http://t.\u2026', u'Twitter Web Client']"
"[313552840, u'', datetime.datetime(2014, 11, 19, 16, 1, 10), u'""Do They Know It\'s Christmas Time?"", el tema que reuni\xf3 a varios artistas contra el \xe9bola http://t.co/LbPaU7DkKJ', u'Twitter for Websites']"
"[2530163633L, u'Westside,Cadillactica ', datetime.datetime(2014, 11, 19, 16, 1, 10), u'RT @GeniusPothead: A blunt a day\nkeeps the Ebola away http://t.co/fUAbMQ3nKR', u'Twitter for Android']"
"[559758021, u'Singapore', datetime.datetime(2014, 11, 19, 16, 1, 11), u'RT @stinsonsays: *Ebola joke*\neveryone laughs \n\n*AIDS joke*\neveryone laughs\n\n*Cancer joke*\nwtf is wrong with you? people die of Cancer!\n\n-o\u2026', u'Twitter for Android']"
"[408468196, u'Boise, Idaho', datetime.datetime(2014, 11, 19, 16, 1, 11), u'RT @thenorthend: Now that election is over not an issue?   MT @clairecmc: Fascinating.Empty seats, no cameras for hearing on Ebola... http:\u2026', u'Twitter for iPhone']"
"[1245975114, u'Philadelphia, PA', datetime.datetime(2014, 11, 19, 16, 1, 11), u'@JohnSkylar @bogiperson Tom Clancy did an aerosolized Ebola weapon book too, Executive Orders.', u'Twitter Web Client']"
"[2542046718L, u'Cambodia', datetime.datetime(2014, 11, 19, 16, 1, 11), u'Big Drop in American Volunteers to Ebola Zone http://t.co/zy7v40qh0U', u'Cambodia Gazette']"
"[2774862737L, u'', datetime.datetime(2014, 11, 19, 16, 1, 11), u""General News \u2022\xa0'Ebola scare kills 2' via @233liveOnline. Full story at http://t.co/QCtlhLIMom"", u'233Live Tweets']"
"[1568359693, u'', datetime.datetime(2014, 11, 19, 16, 1, 12), u""T\xfcrkiye'den Ebola jest'i http://t.co/z5hcYU4MbZ"", u'Facebook']"
"[2220410791L, u'In your heart | In your mind', datetime.datetime(2014, 11, 19, 16, 1, 12), u'#VozLatina Cuban Doctor Diagnosed With Ebola: HAVANA (AP) \u2014 A member of the 165-member medical team Cuba sent ... http://t.co/AIfbghuhNK', u'twitterfeed']"
"[1958882492, u'', datetime.datetime(2014, 11, 19, 16, 1, 13), u""RT @KissOfKaramel: So, did the world just stop caring about Ebola now that it's no longer a threat to white people?"", u'Twitter for iPhone']"
"[2416507183L, u'', datetime.datetime(2014, 11, 19, 16, 1, 13), u'RT @vinnycrack: i woke up today with no aids, ebola, or children god is good', u'Twitter for iPhone']"
"[68698703, u'Makati City, PH', datetime.datetime(2014, 11, 19, 16, 1, 13), u'RT @latimes: Cuban doctor diagnosed with Ebola will be transferred to Geneva, Switzerland for care http://t.co/z2qlAoaMlV', u'Twitter Web Client']"
"[79187514, u'USA', datetime.datetime(2014, 11, 19, 16, 1, 14), u'RT @LOLGOP: We showed that nurse for risking her life to go fight Ebola in Africa. Good work, guys.', u'Twitter for iPhone']"
"[2893576434L, u'Everywhere', datetime.datetime(2014, 11, 19, 16, 1, 14), u'Cuban Doctor Diagnosed With Ebola: HAVANA (AP) \u2014 A member of the 165-member medical team Cuba sent to fight Eb... http://t.co/MsFmtYuaIt', u'twitterfeed']"
"[20314988, u'Florida', datetime.datetime(2014, 11, 19, 16, 1, 14), u'AEMD ""Emergency Use"" Pathway To Treat Ebola in the United St... http://t.co/xUGDMd7CVK via @YahooFinance', u'Twitter for Websites']"
"[630174379, u'where am meant to be', datetime.datetime(2014, 11, 19, 16, 1, 14), u'RT @Mr_tofunmi: AIDS is a name.\nEBOLA is a name.\nMALARIA is a name.\nLEUKAEMIA is a name.\n...But there is a name far above all names.\nJESUS \u2026', u'Twitter for Android']"
"[318552934, u'', datetime.datetime(2014, 11, 19, 16, 1, 15), u""RT @Sheen300: They think Ebola stopped and died down...naw they just stopped telling y'all about it on the news.. #WakeUp"", u'Twitter for Android']"
"[346315533, u'wherever #TeamThick is', datetime.datetime(2014, 11, 19, 16, 1, 15), u'RT @inkedarab: \U0001f602\U0001f616\U0001f602\U0001f616\U0001f602\U0001f616\U0001f602 \n\n""Dodged Ebola Bout A Week Ago""\n\U0001f637\U0001f637\U0001f637\U0001f648\U0001f480\U0001f52b\U0001f52b\n\n\U0001f616\U0001f602\U0001f616\U0001f602\U0001f616\U0001f602\U0001f616 http://t.co/qnhaiA44xh', u'Twitter for Android']"
"[2799904356L, u'', datetime.datetime(2014, 11, 19, 16, 1, 16), u'RT @Vevo_UK: Buying @BandAid30 goes directly to fighting Ebola. Watch the video now which includes @onedirection + @Ollyofficial! http://t.\u2026', u'Twitter for iPhone']"
"[11764002, u'London', datetime.datetime(2014, 11, 19, 16, 1, 17), u""Inspiring lunch conversation with DEC's @salehsaeed covering Ebola Gaza and West Bromwich Albion. Thanks as ever to @EdwardWild1"", u'Twitter for iPhone']"
"[323618619, u'', datetime.datetime(2014, 11, 19, 16, 1, 17), u'RT @EpicKidFails: When you lie and tell a bad ass kid they got Ebola\U0001f602\U0001f602\U0001f602\U0001f602 https://t.co/rNBLTfsmRb', u'Twitter for iPhone']"
"[108768066, u'', datetime.datetime(2014, 11, 19, 16, 1, 17), u'RT @GeniusPothead: A blunt a day\nkeeps the Ebola away http://t.co/fUAbMQ3nKR', u'Twitter for iPhone']"
"[2400350054L, u'Bursa/Turkey', datetime.datetime(2014, 11, 19, 16, 1, 17), u'@krmyildiz84 yok ebola', u'Twitter for iPhone']"
"[2857877897L, u'Lyon', datetime.datetime(2014, 11, 19, 16, 1, 17), u'RT @SOSLapsikyla: #Ebola -alueen lapset tarvitsevat apua!  Ryhdy nyt #kummi:ksi, annat rakastavan kodin! #hyv\xe4ntekev\xe4isyys #joululahja http\u2026', u'Twitter Web Client']"
"[452200250, u'Stockholm, Sweden', datetime.datetime(2014, 11, 19, 16, 1, 18), u'RT @Vevo_UK: Buying @BandAid30 goes directly to fighting Ebola. Watch the video now which includes @onedirection + @Ollyofficial! http://t.\u2026', u'Twitter for iPhone']"
"[235318938, u'Nice ', datetime.datetime(2014, 11, 19, 16, 1, 18), u""La FIF si ils on trop d'argent ils on qu'\xe0 investir dans m\xe9dicament contre Ebola plut\xf4t que d'envoyer ceux la en Guin\xe9e"", u'Twitter for iPhone']"
"[59030740, u'DMV', datetime.datetime(2014, 11, 19, 16, 1, 18), u'WEDNESDAY 6PM-MIDNIGHT\n#PUSHHappyHour + EBOLA FUNDRAISER hosted by #VannetteTolbert @MissVannette\u2026 http://t.co/jljrq6L6TV', u'Instagram']"
"[816369434, u'In the world', datetime.datetime(2014, 11, 19, 16, 1, 18), u'@erickferrer55 Que ebola asere', u'Twitter for iPhone']"
"[907039093, u'1d. 30stm. id. larry. ', datetime.datetime(2014, 11, 19, 16, 1, 19), u'a musica q fizeram pro Ebola ,ta acabando cmg @onedirection for #AMAs #AOTY', u'Twitter Web Client']"
"[2479976180L, u'', datetime.datetime(2014, 11, 19, 16, 1, 19), u'@LiamSymonds95 @ColtDwell Ebola.', u'Twitter for iPhone']"
"[249813586, u'CT', datetime.datetime(2014, 11, 19, 16, 1, 19), u'RT @NBCNews: Cuban doctor treating Ebola patients in Sierra Leone contracts the  disease http://t.co/2zM5MklHhU http://t.co/DITfsOAzNZ', u'Twitter for iPhone']"
"[243844491, u'Florida ', datetime.datetime(2014, 11, 19, 16, 1, 19), u'Doctor Suggests That Marijuana Can Protect You From Ebola http://t.co/hL89GcHggz via @collectiveevol', u'Twitter for Websites']"
"[281678692, u'Jamaica', datetime.datetime(2014, 11, 19, 16, 1, 20), u'Shawn Storm - Nuh Man 2 Mi (Raw) [Ebola Riddim] November 2014 @Crushroad876 #JamIcons http://t.co/4nKqSR4Qtg #YuZiMi #Jamaica', u'twitterfeed']"
"[2756329898L, u'College Station, TX', datetime.datetime(2014, 11, 19, 16, 1, 20), u'RT @theAAG: What Geography Can Teach Us About Disease Spread: Ebola in\xa0Dallas http://t.co/mL38qSa3k1', u'Twitter for Android']"
"[281678692, u'Jamaica', datetime.datetime(2014, 11, 19, 16, 1, 20), u'Wasp - Freestyle (Alkaline &amp; Gage Diss) [Ebola Riddim] November 2014 @Crushroad876 #JamIcons http://t.co/MU0P9PukGT #YuZiMi #Jamaica', u'twitterfeed']"
"[151612981, u'with Jasmine. ', datetime.datetime(2014, 11, 19, 16, 1, 21), u'Aye RT\u201c@GeniusPothead: A blunt a day\nkeeps the Ebola away http://t.co/3a3m0CidGh\u201d', u'Twitter for iPhone']"
"[1547253318, u'', datetime.datetime(2014, 11, 19, 16, 1, 21), u'que mucho jode el ebola llamando a mi cel si sabe que no le voy a contestar', u'Twitter for iPhone']"
"[1454650220, u'', datetime.datetime(2014, 11, 19, 16, 1, 21), u'SLOGAN : TOGETHER WE CAN FIGHT EBOLA', u'Twitter for Android']"
"[41651551, u'Wichita Ks', datetime.datetime(2014, 11, 19, 16, 1, 21), u'Brooklyn Woman On Ebola Monitoring List Drops Dead in Hair Salon Bleeding From ""Face,Mouth,Nose,Everything""  http://t.co/KebAnCftIJ #Ebola', u'Twitter for Websites']"
"[2765460071L, u'', datetime.datetime(2014, 11, 19, 16, 1, 22), u'RT @Vevo_UK: Buying @BandAid30 goes directly to fighting Ebola. Watch the video now which includes @onedirection + @Ollyofficial! http://t.\u2026', u'Twitter for Android Tablets']"
"[2824466505L, u'Middelburg\u2665RSA', datetime.datetime(2014, 11, 19, 16, 1, 23), u""RT @iDrawPeoplee: Hunger kills more than Ebola but it's not considered a significant problem since rich people can't die of it. http://t.co\u2026"", u'Twitter for BlackBerry\xae']"
"[35306978, u'Cambridge, MA, USA', datetime.datetime(2014, 11, 19, 16, 1, 23), u'USAID, Broad Institute and Illumina Form a Public Private Partnership Combating the Ebola Epidemic in West Africa:  http://t.co/rIX7ihCCv5', u'twitterfeed']"
"[297920532, u'Malaysia', datetime.datetime(2014, 11, 19, 16, 1, 23), u'RT @GeniusPothead: A blunt a day\nkeeps the Ebola away http://t.co/fUAbMQ3nKR', u'Twitter Web Client']"
"[1389745512, u'Utah', datetime.datetime(2014, 11, 19, 16, 1, 23), u'RT @atejancole: The 6 SierraLeone doctors who have died as a result of #Ebola http://t.co/CFbATdiJnY', u'Twitter Web Client']"
"[2488367000L, u'', datetime.datetime(2014, 11, 19, 16, 1, 23), u'RT @latimes: Cuban doctor diagnosed with Ebola will be transferred to Geneva, Switzerland for care http://t.co/z2qlAoaMlV', u'Twitter Web Client']"
"[87119587, u'Boston / Haiti / World Wide', datetime.datetime(2014, 11, 19, 16, 1, 23), u'""@latimes: Cuban doctor diagnosed with Ebola will be transferred to Geneva, Switzerland for care http://t.co/M3QFxXwsJo""', u'Twitter for Android']"
"[1599863868, u'', datetime.datetime(2014, 11, 19, 16, 1, 24), u'RT @Bij_So: RT si hypza a Ebola, Fav si il a le SIDA', u'Twitter for iPhone']"
"[334961445, u'', datetime.datetime(2014, 11, 19, 16, 1, 24), u'RT @GeniusPothead: A blunt a day\nkeeps the Ebola away http://t.co/fUAbMQ3nKR', u'Twitter for iPhone']"
"[874296787, u'', datetime.datetime(2014, 11, 19, 16, 1, 24), u'@BaumgartneFelix We r fundraising for @MSF_uk to help fight #Ebola. A retweet would be greatly appreciated. Donate: http://t.co/1fYw6mpPTI', u'Twitter Web Client']"
"[1883795467, u'', datetime.datetime(2014, 11, 19, 16, 1, 24), u'To PAPR or not to PAPR? http://t.co/IS5hOeliln  \n #respiratory #Ebola', u'Twitter Web Client']"
"[1611341862, u'', datetime.datetime(2014, 11, 19, 16, 1, 24), u'RT @davidsimmons: Big up for my friend @MandewaCole - travelling to Sierra Leone to build ebola clinics. Please pray &amp; uphold him and his K\u2026', u'Twitter for Windows Phone']"
"[616477854, u'', datetime.datetime(2014, 11, 19, 16, 1, 24), u'RT @GeniusPothead: A blunt a day\nkeeps the Ebola away http://t.co/fUAbMQ3nKR', u'Twitter for iPhone']"
"[365627246, u'Sandbar Texas ', datetime.datetime(2014, 11, 19, 16, 1, 25), u'Revealed earlier this month that mainstream media outlets have agreed to a govt demand not to report on suspected Ebola cases in the US', u'Twitter Web Client']"
"[346718713, u'Leeds, UK', datetime.datetime(2014, 11, 19, 16, 1, 26), u'Websites with autoplaying adverts are, I think I can say without fear of hyperbole, worse than Hitler and Ebola combined', u'Twitter Web Client']"
"[623650612, u'Rio de Janeiro', datetime.datetime(2014, 11, 19, 16, 1, 26), u'RT @g1: Instituto Butantan vai produzir soro contra ebola em parceria com os EUA http://t.co/bPh9ItFfRi #G1 http://t.co/FoNBM9PKsa', u'Twitter for Android']"
"[160261955, u'Fremont, MI', datetime.datetime(2014, 11, 19, 16, 1, 26), u""Morning Break: Don't Worry About Ebola -- Worry About Cruises http://t.co/MEfFhcur8M"", u'Buffer']"
"[2849505669L, u'', datetime.datetime(2014, 11, 19, 16, 1, 27), u'Learn about how to prevent and protect yourself from #Ebola. Follow #Ebola24 on #WeChat for guidelines. http://t.co/jh93sL6Ori @WeChatZA', u'Hootsuite']"
"[413490509, u'Drew University', datetime.datetime(2014, 11, 19, 16, 1, 27), u""Today we are having a Fireside Chat about Ebola in the Ehinger Center from 5:30 - 6:30! Come out and join us. You won't want to miss it!!!!!"", u'Twitter Web Client']"
"[991969356, u'', datetime.datetime(2014, 11, 19, 16, 1, 28), u'Health officials say the woman, who likely suffered a heart attack, arrived from Ebola-stricken G http://t.co/030jwofmul', u'Twitter for Websites']"
"[1957798880, u'', datetime.datetime(2014, 11, 19, 16, 1, 28), u'RT @GeniusPothead: A blunt a day\nkeeps the Ebola away http://t.co/fUAbMQ3nKR', u'Twitter for iPhone']"
"[520523634, u'', datetime.datetime(2014, 11, 19, 16, 1, 28), u'RT @GeniusPothead: A blunt a day\nkeeps the Ebola away http://t.co/fUAbMQ3nKR', u'Twitter for iPhone']"
"[373451094, u'', datetime.datetime(2014, 11, 19, 16, 1, 28), u'RT @BBCWorldTonight: 10pm tonight on @BBCRadio4: a special programme with @BBCPaulMoss from #Ghana on the effect of #Ebola on the region ht\u2026', u'TweetDeck']"
"[2252302925L, u""SUD 66. PERPIGNAN J'\u2764\ufe0f"", datetime.datetime(2014, 11, 19, 16, 1, 28), u'RT @soniarolley: Matt Damon, Morgan Freeman et Ben Affleck mobilis\xe9s contre #Ebola http://t.co/ulzDilsMx1 http://t.co/VZCgpkKz2z the good s\u2026', u'Twitter for iPad']"
"[1068526536, u""One Direction's hearts "", datetime.datetime(2014, 11, 19, 16, 1, 28), u'RT @Vevo_UK: Buying @BandAid30 goes directly to fighting Ebola. Watch the video now which includes @onedirection + @Ollyofficial! http://t.\u2026', u'Twitter for iPhone']"
"[1062716244, u'Germany / Europe', datetime.datetime(2014, 11, 19, 16, 1, 28), u""#Ebola: l'inqui\xe9tude grandit au Mali, d\xe9c\xe8s d'un m\xe9decin aux Etats-Unis - 20minutes.fr http://t.co/whffBaSCbV"", u'dlvr.it']"
"[2559416869L, u'Washington DC', datetime.datetime(2014, 11, 19, 16, 1, 28), u'RT @Mandeep_Dh: #Ebola causing delays for pregnant women in accessing health services http://t.co/0uriziCz3n\u2026 @HelenClarkUNDP @RandiDavisUN\u2026', u'Twitter Web Client']"
"[570920553, u'', datetime.datetime(2014, 11, 19, 16, 1, 28), u""RT @TheFunnyTeens: all I hear in school.\n-ebola \n-yeet\n-bruhh\n-whats 9 + 10\n-21\n-ebola\n-tacos\n-my anaconda don't \n-ebola\n-bout a week ago \n\u2026"", u'Twitter Web Client']"
"[625420980, u'', datetime.datetime(2014, 11, 19, 16, 1, 29), u'Cuban doctor contracts Ebola in Sierra Leone http://t.co/KhHny83tn0', u'dlvr.it']"
"[2553989454L, u'', datetime.datetime(2014, 11, 19, 16, 1, 29), u'RT @XCsmashStudios: New patch version of Ebola Cellvivor now available http://t.co/Zc1YzF2rsh #screenshotsaturday #365screenshots http://t.\u2026', u'RoundTeam']"
"[546029429, u'Washington, D.C.', datetime.datetime(2014, 11, 19, 16, 1, 29), u'The Socio-Economic Impacts of #Ebola in #Liberia http://t.co/pYBB2x7DKL via @WorldBank #ebloaresponse http://t.co/cwTTAFysez', u'Buffer']"
"[1347395143, u'Kenya', datetime.datetime(2014, 11, 19, 16, 1, 29), u""RT @amariastar: Gonna get matching 'Fuck Ebola' t-shirts with @mwaghoti"", u'Mobile Web (M2)']"
"[2550774110L, u'The Interwebs', datetime.datetime(2014, 11, 19, 16, 1, 29), u'RT @XCsmashStudios: New patch version of Ebola Cellvivor now available http://t.co/Zc1YzF2rsh #screenshotsaturday #365screenshots http://t.\u2026', u'RoundTeam']"
"[2792299046L, u'', datetime.datetime(2014, 11, 19, 16, 1, 29), u'RT @guardian: Why I had to turn down Band Aid \u2013 @FuseODG http://t.co/iyeMl2HlW6 #Ebola http://t.co/3lUpU2Km1v', u'Twitter for iPhone']"
"[373867306, u'', datetime.datetime(2014, 11, 19, 16, 1, 29), u""Woman's Death Not Related to Ebola, NYC Health Officials Say http://t.co/a9FOUbg58J"", u'dlvr.it']"
"[2442363171L, u'San Siro Stadium', datetime.datetime(2014, 11, 19, 16, 1, 29), u'RT @Vevo_UK: Buying @BandAid30 goes directly to fighting Ebola. Watch the video now which includes @onedirection + @Ollyofficial! http://t.\u2026', u'Twitter for iPad']"
"[900181669, u'En la cama de Cel(V)i(olet)a', datetime.datetime(2014, 11, 19, 16, 1, 29), u'RT @Vevo_UK: Buying @BandAid30 goes directly to fighting Ebola. Watch the video now which includes @onedirection + @Ollyofficial! http://t.\u2026', u'Twitter Web Client']"
"[529043440, u'', datetime.datetime(2014, 11, 19, 16, 1, 30), u'http://t.co/Gnu3g4ojpZ http://t.co/znbOi7xYzc', u'Facebook']"
"[296752580, u'Madrid', datetime.datetime(2014, 11, 19, 16, 1, 30), u'5 Lessons in Crisis Communications from the #Ebola Response #USA http://t.co/xFI6tbBWRA via @Gbaron #smem', u'Hootsuite']"
"[1686134744, u'Portugal/London', datetime.datetime(2014, 11, 19, 16, 1, 30), u'RT @Vevo_UK: Buying @BandAid30 goes directly to fighting Ebola. Watch the video now which includes @onedirection + @Ollyofficial! http://t.\u2026', u'Twitter for Android']"
"[625420980, u'', datetime.datetime(2014, 11, 19, 16, 1, 30), u'Big Drop in American Volunteers to Ebola Zone http://t.co/5lGkdVzhfe', u'dlvr.it']"
"[371292156, u""Soon it'll be Cali. Virginia"", datetime.datetime(2014, 11, 19, 16, 1, 31), u'RT @realnoahsmith9: I bet the cure to Ebola is paq.', u'Twitter for iPhone']"
"[2150204889L, u'Thuis of onderweg ', datetime.datetime(2014, 11, 19, 16, 1, 33), u'RT @Giro555: De stop #ebola playlist: we hebben de grootste hits, mooiste liedjes en creatiefste creaties op een rijtje gezet: http://t.co/\u2026', u'Twitter for Android']"
"[2880807456L, u'maldives', datetime.datetime(2014, 11, 19, 16, 1, 34), u'RT @TelegraphTravel: Tourists are avoiding parts of Africa that are 3000 miles away from #ebola outbreaks http://t.co/F5IYkqRe4Y http://t.c\u2026', u'Twitter Web Client']"
"[2575194728L, u'Little Rock, AR', datetime.datetime(2014, 11, 19, 16, 1, 34), u'RT @NBCNews: Cuban doctor treating Ebola patients in Sierra Leone contracts the  disease http://t.co/2zM5MklHhU http://t.co/DITfsOAzNZ', u'RoundTeam']"
"[729218695, u'multiple dimensions ', datetime.datetime(2014, 11, 19, 16, 1, 34), u'RT @GeniusPothead: A blunt a day\nkeeps the Ebola away http://t.co/fUAbMQ3nKR', u'Twitter for Android']"
"[140146123, u'Miami/Florida', datetime.datetime(2014, 11, 19, 16, 1, 35), u'RT @latimes: Cuban doctor diagnosed with Ebola will be transferred to Geneva, Switzerland for care http://t.co/z2qlAoaMlV', u'Twitter Web Client']"
"[515924882, u'', datetime.datetime(2014, 11, 19, 16, 1, 35), u'RT @NBCLA: US must create network of Ebola-ready hospitals at home and in West Africa or risk continued outbreaks say experts http://t.co/D\u2026', u'Twitter for iPhone']"
"[193662056, u'Pacific Ocean.', datetime.datetime(2014, 11, 19, 16, 1, 35), u'Sam Smith, Ed Sheeran, And More Remake The Classic ""Do They Know It\u2019s Christmas?"" To Fight Ebola http://t.co/J4r8i73J66', u'Twitter for Websites']"
"[2880957119L, u'', datetime.datetime(2014, 11, 19, 16, 1, 36), u'RT @UpToDate: To assist with the #Ebola outbreak @wkhealth has granted free access to UpToDate in #Liberia &amp; #SierraLeone http://t.co/JLRsD\u2026', u'Twitter for Android']"
"[18646159, u'NYC', datetime.datetime(2014, 11, 19, 16, 1, 36), u'RT @thomasamter: African tourism hit by ebola fears though safari parks are further from outbreak than Europe http://t.co/s2PumeBbfW', u'TweetDeck']"
"[129887194, u'', datetime.datetime(2014, 11, 19, 16, 1, 36), u'India isolates man with Ebola-infected semen http://t.co/SHLDrnbpHu', u'Twitter for iPad']"
"[1389745512, u'Utah', datetime.datetime(2014, 11, 19, 16, 1, 36), u'RT @HelenBranswell: #Ebola has claimed another Sierra Leonean doctor. West Africa cannot afford these losses http://t.co/Ct0C1zO81y RIP Dr.\u2026', u'Twitter Web Client']"
"[1747084734, u'West side Africa', datetime.datetime(2014, 11, 19, 16, 1, 37), u'RT @classifiedfact: You can kill the Ebola virus before it enters your system by simply washing your hands with soap and water.\u201d', u'Twitter for BlackBerry\xae']"
"[2726565540L, u'Nigeria', datetime.datetime(2014, 11, 19, 16, 1, 37), u'RT @ONECampaign: Hate awkward silence? See if you can make it through @ONECampaign\u2019s new Ebola video http://t.co/xgzq4sNdiw http://t.co/FMX\u2026', u'Twitter Web Client']"
"[33697243, u'Miami Beach, Florida', datetime.datetime(2014, 11, 19, 16, 1, 37), u'RT @latimes: Cuban doctor diagnosed with Ebola will be transferred to Geneva, Switzerland for care http://t.co/z2qlAoaMlV', u'Twitter for iPhone']"
"[2762760555L, u'Paris ', datetime.datetime(2014, 11, 19, 16, 1, 37), u'RT @RFI: Matt Damon, Morgan Freeman et Ben Affleck mobilis\xe9s contre Ebola http://t.co/HsmkjTwIa1 http://t.co/mAZZe6ZdIa', u'Twitter for iPhone']"
"[188673057, u'France, Paris', datetime.datetime(2014, 11, 19, 16, 1, 37), u'#Ebola : un mort \xe0 New-York et un premier cas en Inde  http://t.co/tFIyxt4Ohc via @topsantecom', u'Twitter for Websites']"
"[1726426195, u'Florida', datetime.datetime(2014, 11, 19, 16, 1, 37), u'RT @_Duce__: I forgot all about that Ebola shit \U0001f602', u'Twitter for Android']"
"[2886625220L, u'Cloud9', datetime.datetime(2014, 11, 19, 16, 1, 37), u'RT @GeniusPothead: A blunt a day\nkeeps the Ebola away http://t.co/fUAbMQ3nKR', u'Twitter for Windows Phone']"
"[438635191, u'', datetime.datetime(2014, 11, 19, 16, 1, 39), u'RT @GeniusPothead: A blunt a day\nkeeps the Ebola away http://t.co/fUAbMQ3nKR', u'Twitter for iPhone']"
"[236621049, u'Paris', datetime.datetime(2014, 11, 19, 16, 1, 40), u""RT @MezahiMaher: Algeria and Mali sides display banner: 'Together we can beat Ebola' http://t.co/DtJiECKXNX"", u'Twitter Web Client']"
"[228502991, u'Philadelphia, PA', datetime.datetime(2014, 11, 19, 16, 1, 40), u'RT @rocza: Wielded my red pen on the new #Ebola-related #BandAid30 lyrics. Skip the song, donate direct. http://t.co/7Ts6RJgKWM http://t.co\u2026', u'Twitter Web Client']"
"[1355796230, u'', datetime.datetime(2014, 11, 19, 16, 1, 40), u'RT @GeniusPothead: A blunt a day\nkeeps the Ebola away http://t.co/fUAbMQ3nKR', u'Twitter for iPhone']"
"[1217479166, u'U.K.', datetime.datetime(2014, 11, 19, 16, 1, 42), u'Cuban doctor in Sierra Leone tests positive for Ebola: A Cuban doctor treating Ebola patients in Sierra Leone has\u2026 http://t.co/aJ7dlAy7A6', u'dlvr.it']"
"[2852328283L, u'', datetime.datetime(2014, 11, 19, 16, 1, 42), u'@C_OWT \nT-Bowl\nE-Bowl\nE-Bol\nE-Bola\nEbola\n\nCoincidence? #illuminati #conspiracytheory', u'Twitter for iPhone']"
"[169595143, u'GA', datetime.datetime(2014, 11, 19, 16, 1, 42), u'RT @_Duce__: I forgot all about that Ebola shit \U0001f602', u'Tweetlogix']"
"[2216213984L, u'', datetime.datetime(2014, 11, 19, 16, 1, 43), u'@tbutticelli vc tem ebola', u'Twitter for Android']"
"[156366733, u'Boston \u2022 Kigali \u2022 PortauPrince', datetime.datetime(2014, 11, 19, 16, 1, 43), u'RISD, Brown students employ design to help health-care workers fighting Ebola #fightebola  http://t.co/kprgotcpIs', u'Twitter Web Client']"
"[332182559, u'Bauan, Batangas', datetime.datetime(2014, 11, 19, 16, 1, 44), u'Malapit na Christmass! Nu na balak nyo sa reregaluhan nyo? Gusto kong Iregalo sa friends ko isang box nang Ebola! Yun kasi ang IIN ngayon.\U0001f489', u'Twitter for iPhone']"
"[411167209, u'PNW', datetime.datetime(2014, 11, 19, 16, 1, 44), u""RT @Sheen300: They think Ebola stopped and died down...naw they just stopped telling y'all about it on the news.. #WakeUp"", u'Twitter for Android']"
"[262326533, u'', datetime.datetime(2014, 11, 19, 16, 1, 44), u'Remains of #NYC woman who died after returning from West Africa test negative for #Ebola, report says http://t.co/Ec69zCTMPO', u'Hootsuite']"
"[250417923, u'Bamako, Mali', datetime.datetime(2014, 11, 19, 16, 1, 45), u'Nation Places 600 Under Ebola Surveillance. http://t.co/2HtdX8aCJP', u'Mali News']"
"[46682580, u'', datetime.datetime(2014, 11, 19, 16, 1, 45), u'RT @GeniusPothead: A blunt a day\nkeeps the Ebola away http://t.co/fUAbMQ3nKR', u'Twitter for iPhone']"
"[2514914696L, u'California', datetime.datetime(2014, 11, 19, 16, 1, 45), u'Cuban doctor diagnosed with Ebola http://t.co/FcJr2J7m7R #worldnews #bbc', u'IFTTT']"
"[549067433, u'', datetime.datetime(2014, 11, 19, 16, 1, 46), u""RT @CeQuonVousCache: \u201c@NvPirlO24_12_97: Les Simpson nous avait pr\xe9venus #Ebola http://t.co/DtVmjFmDlC\u201d Ils n'ont rien pr\xe9dit, Ebola est syn\u2026"", u'Twitter Web Client']"
"[789865566, u'Narnia', datetime.datetime(2014, 11, 19, 16, 1, 46), u'RT @Vevo_UK: Buying @BandAid30 goes directly to fighting Ebola. Watch the video now which includes @onedirection + @Ollyofficial! http://t.\u2026', u'Twitter Web Client']"
"[573245570, u'', datetime.datetime(2014, 11, 19, 16, 1, 49), u'RT @GeniusPothead: A blunt a day\nkeeps the Ebola away http://t.co/fUAbMQ3nKR', u'Twitter for iPhone']"
"[729218695, u'multiple dimensions ', datetime.datetime(2014, 11, 19, 16, 1, 50), u'RT @DMTryptamine: Doctor Suggests That Marijuana Can Protect You From Ebola http://t.co/hL89GcHggz via @collectiveevol', u'Twitter for Android']"
"[278318843, u'', datetime.datetime(2014, 11, 19, 16, 1, 50), u""Black girls wearing face masks like they've got Ebola. No surprise."", u'Twitter for iPhone']"
"[2515128924L, u'', datetime.datetime(2014, 11, 19, 16, 1, 51), u'Surgeon who contracted Ebola virus in Sierra Leone dies at Nebraska hospital | http://t.co/QhPL5DV4ne', u'Twitter for Android']"
"[282224096, u'Back up @WSCP2  ', datetime.datetime(2014, 11, 19, 16, 1, 51), u'RT @BradThor: Yes, we totally handed out lab coats to bamboozle you re: #Obamacare, but you need to believe us now re: #Ebola http://t.co/p\u2026', u'Twitter Web Client']"
"[2792286225L, u'', datetime.datetime(2014, 11, 19, 16, 1, 51), u'RT @Vevo_UK: Buying @BandAid30 goes directly to fighting Ebola. Watch the video now which includes @onedirection + @Ollyofficial! http://t.\u2026', u'Twitter for Android Tablets']"
"[14097382, u'Cambridge', datetime.datetime(2014, 11, 19, 16, 1, 52), u'RT @broadinstitute: USAID, Broad Institute and Illumina Form a Public Private Partnership Combating the Ebola Epidemic in West Africa:  htt\u2026', u'Twitter Web Client']"
"[2823913560L, u'', datetime.datetime(2014, 11, 19, 16, 1, 52), u'RT @NBCNews: Cuban doctor treating Ebola patients in Sierra Leone contracts the  disease http://t.co/2zM5MklHhU http://t.co/DITfsOAzNZ', u'Twitter Web Client']"
"[350282742, u'', datetime.datetime(2014, 11, 19, 16, 1, 53), u'RT @GeniusPothead: A blunt a day\nkeeps the Ebola away http://t.co/fUAbMQ3nKR', u'Twitter for iPhone']"
"[1612762304, u'Suisse Pr\xe8verenges', datetime.datetime(2014, 11, 19, 16, 1, 54), u""RT @CeQuonVousCache: \u201c@NvPirlO24_12_97: Les Simpson nous avait pr\xe9venus #Ebola http://t.co/DtVmjFmDlC\u201d Ils n'ont rien pr\xe9dit, Ebola est syn\u2026"", u'Twitter for Android']"
"[1418776152, u'Paris, France', datetime.datetime(2014, 11, 19, 16, 1, 54), u'RT @Vevo_UK: Buying @BandAid30 goes directly to fighting Ebola. Watch the video now which includes @onedirection + @Ollyofficial! http://t.\u2026', u'Twitter for iPhone']"
"[2886420152L, u'', datetime.datetime(2014, 11, 19, 16, 1, 54), u'Thanks god. Sigh of relief dawns. http://t.co/IeKyAWXqWA', u'Times Group']"
"[577687812, u'', datetime.datetime(2014, 11, 19, 16, 1, 54), u'RT @GeniusPothead: A blunt a day\nkeeps the Ebola away http://t.co/fUAbMQ3nKR', u'Twitter for iPhone']"
"[481011796, u'UK.', datetime.datetime(2014, 11, 19, 16, 1, 54), u'Cuban doctor diagnosed with Ebola http://t.co/cIlk7W0SbN | https://t.co/JPcHMMHlT3 http://t.co/SBLizIyR6g', u'twibble.io']"
"[926150304, u'Madrid', datetime.datetime(2014, 11, 19, 16, 1, 55), u'RT @DonaigLedu: Carrying the food home. @WFP provides rations to people in quarantined villages #Liberia #EbolaResponse http://t.co/yEKH9VV\u2026', u'Twitter Web Client']"
"[24342833, u'', datetime.datetime(2014, 11, 19, 16, 1, 55), u'RT @Vevo_UK: Buying @BandAid30 goes directly to fighting Ebola. Watch the video now which includes @onedirection + @Ollyofficial! http://t.\u2026', u'Twitter for iPhone']"
"[1017262032, u'', datetime.datetime(2014, 11, 19, 16, 1, 56), u""Mon/Ma Bacteria, nomm\xe9 Ebola, vient d'an\xe9antir le monde en 1900 jours ! http://t.co/b1q0NgyTqK"", u'Twitter for Websites']"
"[253017028, u'Hawaii', datetime.datetime(2014, 11, 19, 16, 1, 56), u'Top 5 cities that will be affected by the Ebola virus by ... http://t.co/HuRJYsv2nj http://t.co/sgtVYNXZSj', u'bjhgkjbmjbhk']"
"[584449609, u'Mangalore, India', datetime.datetime(2014, 11, 19, 16, 1, 57), u'Ebola+Rabies=Zombies \U0001f480', u'Twitter for Windows Phone']"
"[600663216, u'1D&5SOS SEP. 12, 2014', datetime.datetime(2014, 11, 19, 16, 1, 57), u'RT @Vevo_UK: Buying @BandAid30 goes directly to fighting Ebola. Watch the video now which includes @onedirection + @Ollyofficial! http://t.\u2026', u'Twitter for Android']"
"[123666271, u'08.05 // famous follows', datetime.datetime(2014, 11, 19, 16, 1, 57), u'RT @Vevo_UK: Buying @BandAid30 goes directly to fighting Ebola. Watch the video now which includes @onedirection + @Ollyofficial! http://t.\u2026', u'Twitter Web Client']"
"[1009443655, u'\u274cDM                           ', datetime.datetime(2014, 11, 19, 16, 1, 58), u'RT @inkedarab: \U0001f602\U0001f616\U0001f602\U0001f616\U0001f602\U0001f616\U0001f602 \n\n""Dodged Ebola Bout A Week Ago""\n\U0001f637\U0001f637\U0001f637\U0001f648\U0001f480\U0001f52b\U0001f52b\n\n\U0001f616\U0001f602\U0001f616\U0001f602\U0001f616\U0001f602\U0001f616 http://t.co/qnhaiA44xh', u'Twitter for iPhone']"
"[49399416, u'Johannesburg', datetime.datetime(2014, 11, 19, 16, 1, 59), u'RT @thomasamter: African tourism hit by ebola fears though safari parks are further from outbreak than Europe http://t.co/s2PumeBbfW', u'TweetDeck']"
"[24637638, u'', datetime.datetime(2014, 11, 19, 16, 1, 59), u'RT @MASSDesignLab: RISD, Brown students employ design to help health-care workers fighting Ebola #fightebola  http://t.co/kprgotcpIs', u'Twitter for iPhone']"
"[243255410, u'Liverpool/London', datetime.datetime(2014, 11, 19, 16, 1, 59), u'Quick raggas then going to get this sussy eye sorted out some ebola shit!!', u'Twitter for Android']"
"[613897032, u'', datetime.datetime(2014, 11, 19, 16, 1, 59), u'http://t.co/MQ6qmEeWTl learn latest about Ebola, as of November 19, 2014 at 08:01AM. Stay healthy. #Ebola', u'IFTTT']"
"[565803809, u'Boston, MA', datetime.datetime(2014, 11, 19, 16, 2), u'RT @NBCNews: Cuban doctor treating Ebola patients in Sierra Leone contracts the  disease http://t.co/2zM5MklHhU http://t.co/DITfsOAzNZ', u'Twitter for iPhone']"
"[1382861288, u'', datetime.datetime(2014, 11, 19, 16, 2), u'Local organizations in #Liberia are taking a lead in efforts to fight Ebola http://t.co/vF7WDcZ4TI #UnitedAgainstEbola #Africa', u'Twitter Web Client']"
"[365627246, u'Sandbar Texas ', datetime.datetime(2014, 11, 19, 16, 2), u'911 dispatchers in New York City had been forbidden from using the word \u201cEbola\u201d over the radio', u'Twitter Web Client']"
"[1155801510, u'', datetime.datetime(2014, 11, 19, 16, 2), u'RT @Vevo_UK: Buying @BandAid30 goes directly to fighting Ebola. Watch the video now which includes @onedirection + @Ollyofficial! http://t.\u2026', u'Twitter for iPhone']"
"[26081378, u'Canada', datetime.datetime(2014, 11, 19, 16, 2, 1), u'""Your Blood Tested Positive for Ebola. I Am Sorry."" http://t.co/A75Fcic1dl', u'Hootsuite']"
"[1035035634, u'(D)MV ', datetime.datetime(2014, 11, 19, 16, 2, 1), u""@qvvnnnn you're ass got Ebola \U0001f625\U0001f633"", u'Twitter for iPhone']"
"[2305109761L, u'', datetime.datetime(2014, 11, 19, 16, 2, 1), u'Liberia has upper hand over Ebola but support must continue: president http://t.co/3gLF4KQUcb', u'Hootsuite']"
"[2361180192L, u'Toronto | Kampala', datetime.datetime(2014, 11, 19, 16, 2, 1), u'RT @ONECampaign: Another great Ebola ad --&gt; http://t.co/PesDbmy7rI. World must also support local W. African NGOs against #Ebola @AfricaRes\u2026', u'Twitter for iPhone']"
"[407311424, u'Tacoma, WA', datetime.datetime(2014, 11, 19, 16, 2, 1), u'MultiCare Tacoma General Hospital commits to provide care for Ebola patients\nhttp://t.co/5RwcgUY7AC', u'Twitter Web Client']"
"[304910533, u'', datetime.datetime(2014, 11, 19, 16, 2, 2), u""Morning Break: Don't Worry About Ebola -- Worry About Cruises http://t.co/oi5Q28H46G"", u'Google']"
"[1683027661, u'', datetime.datetime(2014, 11, 19, 16, 2, 2), u""RT @oxfamcampaigns: You stepped up to help #EndEbola - but did the world's richest countries? http://t.co/158R3YXL2d #G20 http://t.co/Qjb1S\u2026"", u'Twitter Web Client']"
"[905625908, u'', datetime.datetime(2014, 11, 19, 16, 2, 3), u'@celesteOphelie krijg ebola amd shut up', u'Twitter for iPhone']"
"[86498235, u'T\xfcrkiye', datetime.datetime(2014, 11, 19, 16, 2, 4), u""G\xfcnlerce g\xfcndemi i\u015fgal eden I\u015eID ve Ebola'n\u0131n birden g\xfcndemden d\xfc\u015fmesi normal mi? Ne oldu da bunlar \xf6nemsiz hale geldi?"", u'Twitter Web Client']"
"[1248730964, u'Tweets by Mark Hannaford', datetime.datetime(2014, 11, 19, 16, 2, 5), u'RT @bmj_latest: Surgeon from Sierra Leone treated for #Ebola in Nebraska dies http://t.co/I6gZnQXPlz http://t.co/XLt9HBGV33', u'Twitter for iPhone']"
"[2745234948L, u'Baltimore, MD', datetime.datetime(2014, 11, 19, 16, 2, 5), u'RT @LOLGOP: We showed that nurse for risking her life to go fight Ebola in Africa. Good work, guys.', u'Twitter for iPhone']"
"[1484613517, u'california', datetime.datetime(2014, 11, 19, 16, 2, 5), u'RT @USArmy: .@JFCUA commander @GVolesky hosts virtual town hall meeting on #Ebola response efforts http://t.co/b65QFxEWEK http://t.co/2ADFi\u2026', u'Twitter for Android']"
"[2513392199L, u'', datetime.datetime(2014, 11, 19, 16, 2, 6), u'Let me check on my Ebola patient \U0001f602', u'Twitter for iPhone']"
"[189628044, u'Pittsburgh, Pa', datetime.datetime(2014, 11, 19, 16, 2, 6), u'Remains of woman who died at Brownsville, Brooklyn hair salon are tested for Ebola http://t.co/iSkjookqle via @ABC7NY', u'Twitter for Websites']"
"[247872733, u'right in front of you', datetime.datetime(2014, 11, 19, 16, 2, 6), u'News pumping Ebola...bad....band using Ebola to get to number one....good..... #gotit', u'Twitter for Android Tablets']"
"[33611715, u""Muslim Obama's AmeriKastan"", datetime.datetime(2014, 11, 19, 16, 2, 7), u'RT @swatson1865: Ebola Nurse Demands That You Stop Calling Her \u2018Ebola Nurse\u2019 http://t.co/gdpnlraYwQ via @dailycaller - ACTIONS HAVE CONSEQU\u2026', u'Twitter for iPad']"
"[2880778944L, u'', datetime.datetime(2014, 11, 19, 16, 2, 8), u'RT @NBCNews: Cuban doctor treating Ebola patients in Sierra Leone contracts the  disease http://t.co/2zM5MklHhU http://t.co/DITfsOAzNZ', u'Twitter for Android']"
"[540274098, u'', datetime.datetime(2014, 11, 19, 16, 2, 9), u'RT @Oregonian: It cost $1 million to treat 2 Ebola patients. http://t.co/NRhDRL7D86', u'Twitter for Android']"
"[2879961798L, u'Toronto ', datetime.datetime(2014, 11, 19, 16, 2, 9), u'RT @GhetoSpongebob: When ya homie got ebola but you wanna chill http://t.co/RfbP1JzBXW', u'Twitter Web Client']"
"[2840585901L, u'Etxano', datetime.datetime(2014, 11, 19, 16, 2, 10), u'RT @ecorepublicano: El hambre mata m\xe1s que el #Ebola , pero no es considerado un mal importante; ya que de eso no pueden morir los ricos. h\u2026', u'Twitter Web Client']"
"[2352351271L, u'', datetime.datetime(2014, 11, 19, 16, 2, 10), u'Half Of Liberian Workforce Not Working Due To Ebola Virus: World Bank: Source: http://t.co/8u5K0dWgrV - Wednesd... http://t.co/XYo87WFJFM', u'twitterfeed']"
"[1621153064, u'Okotoks Canada', datetime.datetime(2014, 11, 19, 16, 2, 11), u'RT @picardonhealth: Should Canada tear up the #Ebola vaccine contract with NewLink Genetics? w/ @profamirattaran http://t.co/j1yS8vbrR7 @Th\u2026', u'Twitter for iPhone']"
"[1865668597, u'Chicago Illinois', datetime.datetime(2014, 11, 19, 16, 2, 11), u'Currently writing a term paper on ebola', u'Twitter for Android']"
"[20644194, u'OKLAHOMA', datetime.datetime(2014, 11, 19, 16, 2, 11), u'RT @latimes: Cuban doctor diagnosed with Ebola will be transferred to Geneva, Switzerland for care http://t.co/z2qlAoaMlV', u'Twitter Web Client']"
"[2882321501L, u'', datetime.datetime(2014, 11, 19, 16, 2, 12), u'The Daily Read - Ebola Edition - 10/22/2014... http://t.co/fAY2TPoWSh', u'Facebook']"
"[154048260, u'periwinkle blue ocean', datetime.datetime(2014, 11, 19, 16, 2, 12), u'RT @blogdokter: Reuters: Sudah tujuh dokter yang tewas akibat ebola di Sierra Leone. #ebola', u'TweetDeck']"
"[2873391551L, u'Brooklyn Park, Minnesota, USA', datetime.datetime(2014, 11, 19, 16, 2, 12), u'#Ebola in Mali. @CDC has raised a travel alert for people traveling to Mali.http://t.co/wFAzcPEzuP', u'Twitter Web Client']"
"[2420722034L, u'#Emergency #Social #Media', datetime.datetime(2014, 11, 19, 16, 2, 12), u'Tracking #Ebola @SocialNewsCorp http://t.co/7SPRIoIAYV Via #Twitter @KickEbolaOut @VivoEnergyGhana @mrosariogz', u'Paper.li']"
"[71605856, u'', datetime.datetime(2014, 11, 19, 16, 2, 12), u'Half Of Liberian Workforce Not Working Due To Ebola Virus: World Bank: Source: http://t.co/yQIL0EP0ar - Wednesd... http://t.co/N2z9XN7VqI', u'twitterfeed']"
"[1722553118, u'', datetime.datetime(2014, 11, 19, 16, 2, 14), u'RT @Vevo_UK: Buying @BandAid30 goes directly to fighting Ebola. Watch the video now which includes @onedirection + @Ollyofficial! http://t.\u2026', u'Twitter for iPhone']"
"[322419372, u'Paradise Falls', datetime.datetime(2014, 11, 19, 16, 2, 15), u'RT @CNN: An #Ebola survivor has been isolated in India after his semen tested positive for the virus: http://t.co/PkiyEadl7n', u'Twitter for iPhone']"
"[557969102, u'Martinique - Montpellier', datetime.datetime(2014, 11, 19, 16, 2, 15), u'RT @Topsantecom: #Ebola : un mort \xe0 New-York et un premier cas en Inde  http://t.co/tFIyxt4Ohc via @topsantecom', u'Twitter for iPhone']"
"[2808283770L, u'Your Company Belongs Here', datetime.datetime(2014, 11, 19, 16, 2, 15), u'RT @DannSklarew: &gt;100x #USA deaths fr #influenza last winter vs #Ebola now. http://t.co/e40UZU5MVk &gt;10x fr #EVD68. How 2 sensitize our pop \u2026', u'Twitter Web Client']"
"[230894866, u'Colombia', datetime.datetime(2014, 11, 19, 16, 2, 15), u'@NTN24 por favor diga que es para Uds "" concienciar ""... Sobre el Ebola ? Gracias.', u'Twitter for Android']"
"[365466063, u'East Harlem, NYC', datetime.datetime(2014, 11, 19, 16, 2, 15), u'Mt. Sinai adds isolated facility to treat Ebola patients http://t.co/SRdFYX3M60', u'Facebook']"
"[258983207, u'', datetime.datetime(2014, 11, 19, 16, 2, 15), u'RT @RFI: Matt Damon, Morgan Freeman et Ben Affleck mobilis\xe9s contre Ebola http://t.co/HsmkjTwIa1 http://t.co/mAZZe6ZdIa', u'Twitter for Android']"
"[719696293, u'', datetime.datetime(2014, 11, 19, 16, 2, 16), u'RT @GeniusPothead: A blunt a day\nkeeps the Ebola away http://t.co/fUAbMQ3nKR', u'Twitter for Android']"
"[1629892242, u'Nigeria', datetime.datetime(2014, 11, 19, 16, 2, 16), u'Cuban doctor diagnosed with Ebola http://t.co/sgBZ5D8y7z', u'Google']"
"[849293340, u'', datetime.datetime(2014, 11, 19, 16, 2, 16), u""Ebola's impact on Africa economy might be less than feared: World Bank http://t.co/2hs7XKWkE6 via @reuters"", u'Twitter for Websites']"
"[19672893, u'CA', datetime.datetime(2014, 11, 19, 16, 2, 17), u'@unkyoka @vicenews Great piece on phys. &amp; emot impact of #Ebola. Thank you. https://t.co/TD4wLMxbbL', u'Twitter Web Client']"
"[13766492, u'London', datetime.datetime(2014, 11, 19, 16, 2, 17), u'Why was \u2018Ebola-free\u2019 survivor quarantined in India after viral traces in his semen? https://t.co/Cvl6cKjh9G', u'Buffer']"
"[552575632, u'U.A.E', datetime.datetime(2014, 11, 19, 16, 2, 17), u'The ebola incident at school today \U0001f602\U0001f602\U0001f602', u'Twitter for iPhone']"
"[2286128923L, u'Dhaka,Bangladesh', datetime.datetime(2014, 11, 19, 16, 2, 17), u'RT @stinsonsays: *Ebola joke*\neveryone laughs \n\n*AIDS joke*\neveryone laughs\n\n*Cancer joke*\nwtf is wrong with you? people die of Cancer!\n\n-o\u2026', u'Twitter for Android']"
"[1323652466, u'', datetime.datetime(2014, 11, 19, 16, 2, 18), u'RT @GeniusPothead: A blunt a day\nkeeps the Ebola away http://t.co/fUAbMQ3nKR', u'Twitter for Android']"
"[66951419, u'Cleveland, Ohio ', datetime.datetime(2014, 11, 19, 16, 2, 18), u'RT @BOI1960: 911 dispatchers in New York City had been forbidden from using the word \u201cEbola\u201d over the radio', u'Twitter Web Client']"
"[1424057101, u'Venezuela', datetime.datetime(2014, 11, 19, 16, 2, 18), u'Confirman el primer caso de \xe9bola en m\xe9dico cubano: http://t.co/EzJIsjPgsc', u'Twitter for Websites']"
"[277679046, u'Talking to Cris', datetime.datetime(2014, 11, 19, 16, 2, 18), u'RT @TelegraphTravel: Tourists are avoiding parts of Africa that are 3000 miles away from #ebola outbreaks http://t.co/F5IYkqRe4Y http://t.c\u2026', u'Twitter Web Client']"
"[589464374, u'Hollywood, CA', datetime.datetime(2014, 11, 19, 16, 2, 19), u'RT @clairecmc: Fascinating.Empty seats and no cameras for hearing on Ebola &amp; public health:threats,lessons learned,and preparedness http://\u2026', u'Twitter for iPhone']"
"[50814862, u'Durham, North Carolina', datetime.datetime(2014, 11, 19, 16, 2, 19), u'RT @clairecmc: Fascinating.Empty seats and no cameras for hearing on Ebola &amp; public health:threats,lessons learned,and preparedness http://\u2026', u'Twitter Web Client']"
"[1074000432, u'Bruxelles', datetime.datetime(2014, 11, 19, 16, 2, 19), u'Ebola - La moiti\xe9 de la population active mise au ch\xf4mage par le virus au Liberia http://t.co/tqVelEy3VU #sante', u'twitterfeed']"
"[18646159, u'NYC', datetime.datetime(2014, 11, 19, 16, 2, 20), u""Related: My sister just told me not to get Ebola. I'm pretty sure she was kidding."", u'Twitter Web Client']"
"[2555585293L, u'', datetime.datetime(2014, 11, 19, 16, 2, 20), u""RT @MSF_ITALIA: Chi combatte contro l'#Ebola chiede il tuo aiuto. Retwitta questo video e sostieni #StopEbola http://t.co/EiDT35AYKo\nhttps:\u2026"", u'Twitter for Android']"
"[409613663, u'Panam\xe1', datetime.datetime(2014, 11, 19, 16, 2, 20), u'La Fundaci\xf3n Gates dona 5.7 millones de d\xf3lares para una cura contra el \xe9bola http://t.co/25kgnGf7vd v\xeda @N24_Panama', u'Twitter for Websites']"
"[16076272, u'New York City', datetime.datetime(2014, 11, 19, 16, 2, 21), u'RT @everydaygandhis: Check out the Act Up Against #Ebola: Organizing Against Fear episode @grittv and @LauraFlanders. http://t.co/Xoc6zytLpi', u'TweetDeck']"
"[14885620, u'NYC', datetime.datetime(2014, 11, 19, 16, 2, 21), u'RT @everydaygandhis: Check out the Act Up Against #Ebola: Organizing Against Fear episode @grittv and @LauraFlanders. http://t.co/Xoc6zytLpi', u'TweetDeck']"
"[385420377, u'Spain', datetime.datetime(2014, 11, 19, 16, 2, 21), u""RT @MezahiMaher: Algeria and Mali sides display banner: 'Together we can beat Ebola' http://t.co/DtJiECKXNX"", u'Twitter for iPhone']"
"[1577041122, u'', datetime.datetime(2014, 11, 19, 16, 2, 21), u'RT @latimes: Cuban doctor diagnosed with Ebola will be transferred to Geneva, Switzerland for care http://t.co/z2qlAoaMlV', u'Twitter for iPhone']"
"[2559050768L, u'', datetime.datetime(2014, 11, 19, 16, 2, 22), u'V\xeddeo com estrelas tenta conscientizar sobre o Ebola: V\xe1rias estrelas da m\xfasica e do cinema, como Bono Vox e B... http://t.co/a5e38mQFrR', u'twitterfeed']"
"[1546361052, u'', datetime.datetime(2014, 11, 19, 16, 2, 23), u'@iaem The Ebola Preparedness and Response session today gave invaluable insight on managing emerging disease risks #fightebola #IAEM14', u'Twitter Web Client']"
"[200263851, u'CHICAGO, IL', datetime.datetime(2014, 11, 19, 16, 2, 23), u'RT @NBCNews: Cuban doctor treating Ebola patients in Sierra Leone contracts the  disease http://t.co/2zM5MklHhU http://t.co/DITfsOAzNZ', u'Twitter for iPhone']"
"[115487848, u'France-Paris', datetime.datetime(2014, 11, 19, 16, 7, 33), u'[H24] CAN-Ebola: des m\xe9decins en renfort en Guin\xe9e \xe9quatoriale http://t.co/5isRANuC7O #actus #infos #News', u'dlvr.it']"
"[43815229, u'pittsburgh', datetime.datetime(2014, 11, 19, 16, 7, 33), u'@JoshYohe_Trib @JustPuckIt EBOLA!!!!!', u'Twitter Web Client']"
"[731459012, u'', datetime.datetime(2014, 11, 19, 16, 7, 33), u""RT @loreaalll: What if the .1% of bacteria that hand sanitizer doesn't kill includes Ebola?"", u'Twitter for iPhone']"
"[439964768, u'marlborough, near swindon', datetime.datetime(2014, 11, 19, 16, 7, 36), u'RT @EvokeToday: Bono, Ellie Goulding, Ben Affleck, Morgan Freeman &amp; more team up for powerful #Ebola video:\nhttp://t.co/xPh2T6NrpK http://t\u2026', u'Twitter for iPhone']"
"[915314664, u'On this planet!  ', datetime.datetime(2014, 11, 19, 16, 7, 37), u'RT @healthandcents: CANADA PubHealthAgency: EBOLA virus active  in semen &gt;7weeks http://t.co/MiPIZvDVj5 .@dramerling .@DL1651 .@waynebogda \u2026', u'Twitter Web Client']"
"[128722319, u'', datetime.datetime(2014, 11, 19, 16, 7, 37), u'RT @SavetheChildren: #Ebola killed Anita\u2019s family in #SierraLeone while she was away on holiday. Help us #StopEbola http://t.co/PUe0EZgjmA \u2026', u'Twitter Web Client']"
"[1610770580, u'', datetime.datetime(2014, 11, 19, 16, 7, 38), u'RT @latimes: Cuban doctor diagnosed with Ebola will be transferred to Geneva, Switzerland for care http://t.co/z2qlAoaMlV', u'RoundTeam']"
"[1589356496, u'Bristol', datetime.datetime(2014, 11, 19, 16, 7, 38), u'A huge well done to The @Telegraph and @bryony_gordon for this truthful article on #BandAid30 and #BobGeldof. http://t.co/kO9SX7b1m2', u'Twitter Web Client']"
"[1825580564, u'xo', datetime.datetime(2014, 11, 19, 16, 7, 38), u'I think I have Ebola', u'Twitter for iPhone']"
"[240669917, u'Syracuse Nueva York', datetime.datetime(2014, 11, 19, 16, 7, 39), u'M\xe9dico cubano da positivo por \xe9bola http://t.co/5lRG2QrEkU v\xeda @Periodista 75', u'Twitter for Websites']"
"[25533732, u'Washington, DC', datetime.datetime(2014, 11, 19, 16, 7, 39), u'.@ONECampaign\u2019s new #Ebola video leaves celebrities SPEECHLESS http://t.co/USK45dg9bk http://t.co/y1Yd3uNWi1', u'Twitter Web Client']"
"[2564128662L, u'the velveeta room', datetime.datetime(2014, 11, 19, 16, 7, 39), u""I'm just waiting for y'all to blame Global Warming, Natural Disasters and Ebola on KVRP too."", u'Twitter for Android']"
"[2675671334L, u'shortnemily stan', datetime.datetime(2014, 11, 19, 16, 7, 40), u'@MsRebeccaBlack EBOLA scare on the plane ?', u'Twitter for iPhone']"
"[2190816815L, u'Spring Hill, FL', datetime.datetime(2014, 11, 19, 16, 7, 40), u'RT @GeniusPothead: A blunt a day\nkeeps the Ebola away http://t.co/fUAbMQ3nKR', u'Twitter for iPhone']"
"[2731302863L, u'Olimpista a morir', datetime.datetime(2014, 11, 19, 16, 7, 41), u'""@naramieres1: Nos merecemos toda la ebola del mundo http://t.co/cIYroWdoBi"" toda la ebola', u'Twitter for Android']"
"[1915835881, u'', datetime.datetime(2014, 11, 19, 16, 7, 41), u'who tf has a ""cold"" for six weeks....ebola', u'Twitter for iPhone']"
"[2778851458L, u'', datetime.datetime(2014, 11, 19, 16, 7, 41), u'RT:Ebola richt minder #economische schade gedacht http://t.co/cXz0xJA4Gn', u'socialpublisher-nl']"
"[1440499776, u'', datetime.datetime(2014, 11, 19, 16, 7, 42), u'RT @knjiga_smrti: @seveNation_army ebola everywhere', u'Mobile Web (M2)']"
"[116069723, u'', datetime.datetime(2014, 11, 19, 16, 7, 43), u'RT @ianbremmer: Roughly half of the Liberian workforce has not been working since the Ebola crisis started (World Bank).', u'Twitter for iPhone']"
"[550073846, u'Selkirkshire', datetime.datetime(2014, 11, 19, 16, 7, 43), u'@joerichlaw Rubbish she just wants attention. Why doesn`t she speak out about ebola or people who don`t even have water?', u'Twitter Web Client']"
"[1359965784, u'', datetime.datetime(2014, 11, 19, 16, 7, 43), u'RT @EvokeToday: Bono, Ellie Goulding, Ben Affleck, Morgan Freeman &amp; more team up for powerful #Ebola video:\nhttp://t.co/xPh2T6NrpK http://t\u2026', u'Twitter Web Client']"
"[2872613899L, u'orlando fl \u2600\ufe0f', datetime.datetime(2014, 11, 19, 16, 7, 44), u'RT @GeniusPothead: A blunt a day\nkeeps the Ebola away http://t.co/fUAbMQ3nKR', u'Twitter for iPhone']"
"[113111314, u'North Wales', datetime.datetime(2014, 11, 19, 16, 7, 44), u'As if people are believing that @chelsfergo has Ebola. Proper tapped pillow cases.', u'Twitter for Android']"
"[539721796, u'Palm Springs, Calif', datetime.datetime(2014, 11, 19, 16, 7, 45), u'@RT_com India quarantines #Ebola survivor over virus traces in semen samples http://t.co/1MXZbnvxYm http://t.co/sOitmgbFrs\nHow2get sample?', u'Twitter for Android']"
"[2457007838L, u'UK & Ireland', datetime.datetime(2014, 11, 19, 16, 7, 45), u'RT @Vevo_UK: Buying @BandAid30 goes directly to fighting Ebola. Watch the video now which includes @onedirection + @Ollyofficial! http://t.\u2026', u'Twitter for Android']"
"[835550018, u'', datetime.datetime(2014, 11, 19, 16, 7, 46), u""UPDATE 3-Ebola's impact on Africa economy might be less than feared - World Bank http://t.co/i6awiGr6PO"", u'Hootsuite']"
"[219429667, u'West Yorkshire', datetime.datetime(2014, 11, 19, 16, 7, 46), u""RT @YorkshireSlang: 1. Its gon darn wrong ole....\n2. There's a bug goin raand....\n3. It's (Insert latest worry) e.g Ebola / Bird Flu....\n\nR\u2026"", u'Twitter for iPad']"
"[823842553, u'', datetime.datetime(2014, 11, 19, 16, 7, 46), u'Economic toll of Ebola lower than feared - Lower estimate attributed to containment measures but damage extends be... http://t.co/vgmxQyJJCr', u'Hootsuite']"
"[240669917, u'Syracuse Nueva York', datetime.datetime(2014, 11, 19, 16, 7, 46), u'M\xe9dico cubano da positivo por \xe9bola http://t.co/5lRG2QrEkU', u'Twitter for Websites']"
"[2867085531L, u'', datetime.datetime(2014, 11, 19, 16, 7, 46), u""Ebola j'suis s\xfbre que c'est une maladie invent\xe9e"", u'Twitter for Android Tablets']"
"[168664553, u'Mumbai,India', datetime.datetime(2014, 11, 19, 16, 7, 46), u'After KRK, India gets Ebola now. Earlier one still remains as seriousmost concern though. :P', u'Facebook']"
"[537596679, u'', datetime.datetime(2014, 11, 19, 16, 7, 46), u""@eN_Klem @xSlyDe_ grave putain j'ai ebola en plus"", u'TweetDeck']"
"[577283537, u'', datetime.datetime(2014, 11, 19, 16, 7, 46), u'RT @inspirou: UMA MENTIRA CHAMADA ,,EBOLA,, VEJAM!!! \nhttp://t.co/tw0cyi43OB\nhttp://t.co/OW0pmqcIZt', u'Twitter for Android']"
"[292868331, u'Ireland', datetime.datetime(2014, 11, 19, 16, 7, 47), u'RT @stinsonsays: *Ebola joke*\neveryone laughs \n\n*AIDS joke*\neveryone laughs\n\n*Cancer joke*\nwtf is wrong with you? people die of Cancer!\n\n-o\u2026', u'Mobile Web (M2)']"
"[76453175, u'', datetime.datetime(2014, 11, 19, 16, 7, 47), u""Study will test survivors' blood to treat Ebola http://t.co/lR2fLasEJf"", u'dlvr.it']"
"[1473926491, u'Switzerland', datetime.datetime(2014, 11, 19, 16, 7, 47), u'Woman\u2019s Remains Being Tested for Ebola in New York: The woman, who died of an apparent heart attack on Tuesday... http://t.co/alAQJ0zZj8', u'twitterfeed']"
"[600965963, u'SYRIA', datetime.datetime(2014, 11, 19, 16, 7, 47), u'#\u0633\u0648\u0631\u064a\u0627 #\u062d\u0645\u0635 #\u062d\u0644\u0628 Cuban doctor diagnosed with Ebola - A Cuban doctor working in Sierra Leone has been diagnosed wit... http://t.co/yQzuKuJlv0', u'Hootsuite']"
"[616944826, u'cascais', datetime.datetime(2014, 11, 19, 16, 7, 48), u'Como assim fizeram uma versao da we are the world por causa do ebola?', u'Twitter for iPhone']"
"[525542510, u'', datetime.datetime(2014, 11, 19, 16, 7, 48), u'RT @Vevo_UK: Buying @BandAid30 goes directly to fighting Ebola. Watch the video now which includes @onedirection + @Ollyofficial! http://t.\u2026', u'Twitter Web Client']"
"[2533258312L, u'Afrique ', datetime.datetime(2014, 11, 19, 16, 7, 49), u'FT Com - Economic toll of Ebola lower than feared: Lower estimate attributed to containment measures b... http://t.co/UUQ4olb430 -Africa', u'twitterfeed']"
"[2802939621L, u'', datetime.datetime(2014, 11, 19, 16, 7, 49), u'RT @CDCgov: Parents, know how to start the conversation about #Ebola w/ your children? New Fact Sheet has helpful tips http://t.co/7iAWJfSJ\u2026', u'RoundTeam']"
"[128592811, u'', datetime.datetime(2014, 11, 19, 16, 7, 50), u'Top 5 cities that will be affected by the Ebola virus by New Years Eve  http://t.co/Qf3XvMDyzI', u'Lyrics_Belieber']"
"[1940965394, u'', datetime.datetime(2014, 11, 19, 16, 7, 50), u'http://t.co/HpwmX8ZwD6 \u0412 \u0421\u044c\u0435\u0440\u0440\u0430-\u041b\u0435\u043e\u043d\u0435 \u043a\u0443\u0431\u0438\u043d\u0441\u043a\u0438\u0439 \u0432\u0440\u0430\u0447 \u0437\u0430\u0431\u043e\u043b\u0435\u043b \u043b\u0438\u0445\u043e\u0440\u0430\u0434\u043a\u043e\u0439 \u042d\u0431\u043e\u043b\u0430', u'Lon-Germi']"
"[565536597, u'Scotland', datetime.datetime(2014, 11, 19, 16, 7, 50), u""RT @DaftLimmy: Do you have Ebola? I have some good news. It's CHRISTMASTIME! \U0001f384\U0001f381\U0001f389\U0001f44d\U0001f385"", u'Twitter for iPhone']"
"[47362397, u'Scottish Borders', datetime.datetime(2014, 11, 19, 16, 7, 51), u""RT @Dabigt: I'm not buying Band Aid and I urge anyone who wants to help the Ebola crisis to donate to M\xe9decins Sans Fronti\xe8res"", u'Twitter for iPhone']"
"[26366836, u'Madrid, Spain', datetime.datetime(2014, 11, 19, 16, 7, 51), u'RT @klgthomas: My analysis piece for @irinnews on bridging the #Ebola trust gap in Liberia http://t.co/Uee1OhG8lf', u'Twitter Web Client']"
"[29829046, u'New York, New York', datetime.datetime(2014, 11, 19, 16, 7, 51), u'RT @PrudentialNews: Prudential commits $6.7 million to fight Ebola in West Africa --&gt; http://t.co/nO4YRk16yk', u'Twitter for iPhone']"
