"463391485,","Ent El Viso dl Alcor y C\xe1ceres',","datetime(2014, 11, 5, 17, 12, 13),","""""RT @nytimes: A Spanish nurse's aide is free of Ebola and set to be released from a Madrid hospital http://t.co/azqh3t9pvx http://t.co/buqz6\xe2\x80\xa6"""""
"2826376433,","',","datetime(2014, 11, 5, 17, 12, 14),",'RT @Tocilizumab: No evidence of #Ebolavirus  vaccine and #Autism.\xf0\x9f\x91\xaa\xf0\x9f\x91\x8f\xf0\x9f\x91\x8b\xf0\x9f\x91\x8f\xf0\x9f\x91\x8b\xf0\x9f\x91\x8f\xf0\x9f\x91\x8b\xf0\x9f\x91\x8f\xf0\x9f\x91\xaa\n\xf0\x9f\x91\x87\xf0\x9f\x91\x87\xf0\x9f\x91\x87\nhttp://t.co/YZag4xuWoF\xf0\x9f\x91\xaa\n\xe2\x98\x9d\xef\xb8\x8f\xe2\x98\x9d\xef\xb8\x8f\xe2\x98\x9d\xef\xb8\x8f\n#ebola #CDCwhistleblower http\xe2\x80\xa6'
"37536872,","',","datetime(2014, 11, 5, 17, 12, 14),","""""Spanish #Ebola #survivor thanks God for 'bringing me back to life' http://t.co/QcSUaiaoVY"""""
"102467376,","Cleveland, OH',","datetime(2014, 11, 5, 17, 12, 15),","'$67,000 from UCC at work in Africa against Ebola http://t.co/VNn7WXmfs7'"
"2406022214,","',","datetime(2014, 11, 5, 17, 12, 15),",'RT @FightsOnVine: When ebola makes it to your city https://t.co/V4gq1IVve0'
"711025081,","India',","datetime(2014, 11, 5, 17, 12, 15),",'RT @SSMetaphysics: Proof Ebola is a Conspiracy - What The World Needs To Know http://t.co/DYSUJWw1DX'
"1653869461,","Tanzania',","datetime(2014, 11, 5, 17, 12, 15),","'Hey! STOP being ignorant, not all places in Africa have Ebola #endebolastigma @AfricanSFL http://t.co/H91oKDkUc2'"
"338301059,","Worcester, MA',","datetime(2014, 11, 5, 17, 12, 15),",'T2 RT @abahealthlaw: Have other healthcare scares influenced the response to Ebola? Why is so much misinformation being spread? #HLSChat'
"547581551,","',","datetime(2014, 11, 5, 17, 12, 15),","""""Bitch if you had EBOLA you wouldn't be here!! Like really"""""
"2784661153,","Ottawa ON',","datetime(2014, 11, 5, 17, 12, 15),",'RT @haaretzcom: German doctors use experimental heart drug in treating #Ebola patient http://t.co/5nd5B5Rc5N'
"97736826,","',","datetime(2014, 11, 5, 17, 12, 15),","'""""Ebola-Free Spanish Nurse Speaks Out"""" by Unknown Author via NYT The New York Times http://t.co/9Cjrb4BzT1'"
"2355119738,","',","datetime(2014, 11, 5, 17, 12, 15),",'Ms.gonder said get away from me EBOLA \xf0\x9f\x98\x82\xf0\x9f\x98\x82\xf0\x9f\x98\x82\xf0\x9f\x98\x82\xf0\x9f\x98\x82\xf0\x9f\x91\x8c\xf0\x9f\x92\x95'
"521525295,","Cali',","datetime(2014, 11, 5, 17, 12, 15),",'RT @BuhByeGOP: Fear based politics: How ISIS &amp; Ebola took over the midterm elections http://t.co/uUET7svrxz'
"357438536,","Lekki lagos',","datetime(2014, 11, 5, 17, 12, 16),",'Ebola Fears: 46-year-old Banned From Work In UK For Coming To Nigeria: A 46-year-old Nigerian who works as a s... http://t.co/qMYijnG06a'
"703020593,","columbus oh',","datetime(2014, 11, 5, 17, 12, 16),","'RT @nbc4i: All Ohioans have been removed from the Ebola Contact List, according to state health officials. http://t.co/ouj62jBl9g #Ebola #O\xe2\x80\xa6'"
"145609857,","Amsterdam',","datetime(2014, 11, 5, 17, 12, 16),",'Hulpactie ebola: giro555. Hoe nodig ook toch raar gevoel bij. waarom geen IBANr? Mij is wel dan onmogelijke nummer door de strot gedrukt'
"63688108,","indonesia',","datetime(2014, 11, 5, 17, 12, 16),",'The Ebola Virus Disease - everything you need to know:  http://t.co/AP5vSYLDDv'
"2634573488,","your nudes',","datetime(2014, 11, 5, 17, 12, 16),",'RT @Cuntneydick: \xe2\x80\x9c@MyFriendsRap: When the homie has EBOLA but u tryna cheer him up... https://t.co/IomPPvnLmA\xe2\x80\x9d @Tylermarcy'
"2398356744,","',","datetime(2014, 11, 5, 17, 12, 16),",'RT @zerohedge: WHITE HOUSE SAID TO ASK CONGRESS FOR $6.2B FOR EBOLA FUNDING'
"928709942,","El Pasooooooo',","datetime(2014, 11, 5, 17, 12, 16),",'Won 12 games in a row in FIFA yesterday lost 6 in a row today hope all 6 catch Ebola and fucking die fuck offfffff'
"1112982404,","At the disco',","datetime(2014, 11, 5, 17, 12, 16),","""""RT @LukesReject: If I can't reply to you is because i receive so many ebola in my mentions . #vote5sos"""""
"1700217133,","Scot exiled in Switzerland',","datetime(2014, 11, 5, 17, 12, 17),","'RT @AllergyKidsDoc: Actual discussion:\nParent """"I want #Ebola vaccine for my child""""\nDoc """"There isn\'t one, but we have #flushot""""\nParent """"We d\xe2\x80\xa6'"
"1360574730,","',","datetime(2014, 11, 5, 17, 12, 17),","'RT @Mike_Mimoso: """"I wish we were as fanatical about cyber as we are about ebola. That would be something to see."""" Chertoff keynote #ACSC14'"
"850828578,","Green Bay, WI',","datetime(2014, 11, 5, 17, 12, 17),",'Map: The Africa without Ebola http://t.co/nEMLBJ4eoy'
"711025081,","India',","datetime(2014, 11, 5, 17, 12, 18),",'RT @SSMetaphysics: Proof Ebola is a conspiracy: http://t.co/swyohtGTTA'
"19887562,","',","datetime(2014, 11, 5, 17, 12, 18),","""""RT @voxdotcom: Canada's Ebola visa ban is dumb, xenophobic, and illegal http://t.co/hRo4wc5XLt"""""
"21660781,","St. Louis',","datetime(2014, 11, 5, 17, 12, 21),",'RT @theOFDA: Happening now: Pres Sirleaf tours 25-bed medical unit w/ @USAID DART Leader. #USPHS will provide health care 4 #Ebola http://t\xe2\x80\xa6'
"22295354,","Balkbrug,  The Netherlands',","datetime(2014, 11, 5, 17, 12, 20),","'""""Ebola-Free Spanish Nurse Speaks Out"""" by Unknown Author via NYT The New York Times http://t.co/JiSPojosGb'"
"120535029,","Gemonde, The Netherlands',","datetime(2014, 11, 5, 17, 12, 21),",'Bevolking is opgeroepen geld over te maken op giro 555 voor bestrijding Ebola.Dat vind ik toch een echte overheidstaak; besmettelijke ziekte'
"330229006,","Berlin',","datetime(2014, 11, 5, 17, 12, 21),",'RT @ArmstrongDrew: *WHITE HOUSE SAID TO ASK CONGRESS FOR $6.2B FOR EBOLA FUNDING -- scoop from @jonallendc'
"392630734,","Mowe',","datetime(2014, 11, 5, 17, 12, 21),",'Ebola Fears: 46-year-old Banned From Work In UK For Coming To Nigeria: A 46-year-old Nigerian who works as a s... http://t.co/iW2V0IpcYt'
"2289715897,","',","datetime(2014, 11, 5, 17, 12, 21),",'Nan vraiment ma photo sur Ebola elle vous a pas plu ?..'
"186676350,","New Orleans by way of Alabama',","datetime(2014, 11, 5, 17, 12, 22), 'RT @Broo","kingsInst: How U.S. media coverage of the Ebola outbreak is defining Africa: http://t.co/49StdCHYPc (Image via @EbolaPhone),                                                'RT @BrookingsInst: How U.S. media coverage of the Ebola outbreak is defining Africa: http://t.co/49StdCHYPc (Image via @EbolaPhone) http://\xe2\x80\xa6'"
"489593921,","Oakland',","datetime(2014, 11, 5, 17, 12, 22),",'African Scientist: African Corruption Made Ebola Worse http://t.co/i7MVHvNrLi'
"314049466,","',","datetime(2014, 11, 5, 17, 12, 22),",'RT @lemondefr: La Suisse teste deux vaccins contre Ebola http://t.co/Mf9bLt6Asr'
"2261242828,","',","datetime(2014, 11, 5, 17, 12, 22),",'RT @Born_2Ball10: Ebola kush'
"93602714,","Marco Canaveses,Lamego,PORTUGA',","datetime(2014, 11, 5, 17, 12, 22),",'Estes tweets sobre o Ebola est\xc3\xa3o demais. 25 Dumb Tweets About Ebola That Will Make You Weep For Humanity. http://t.co/9OHVUxAgo8 #Ebola'
"2775927837,","',","datetime(2014, 11, 5, 17, 12, 23),",'Three Ways Health Officials And #DoctorsFumbled In Communicating Ebola Risk... http://t.co/XlHQ1I9nMS http://t.co/iXH5CnpIpq'
"583421185,","PR1.DE',","datetime(2014, 11, 5, 17, 12, 24),",'RT @Independent: WHO chief says Ebola vaccine was not developed because it only affected poor African countries http://t.co/priWKt08KG http\xe2\x80\xa6'
"2183279054,","',","datetime(2014, 11, 5, 17, 12, 24),",'RT @ConsulCubaManau: The New Yorker: Ning\xc3\xban otro pa\xc3\xads ha contribuido tanto como Cuba a la lucha contra el \xc3\x89bola | Cubadebate: http://t.co/3\xe2\x80\xa6'
"329233633,","Here There',","datetime(2014, 11, 5, 17, 12, 24),","'""""@jeremyweate: For Africans concerned about visiting the US, this is where to avoid ebola. http://t.co/4kiQnfuSuR"""" Ha!!!!'"
"1460288238,","yesusi.com/',","datetime(2014, 11, 5, 17, 12, 24),",'RT @zerohedge: WHITE HOUSE SAID TO ASK CONGRESS FOR $6.2B FOR EBOLA FUNDING'
"285202772,","Boa Vista - RR',","datetime(2014, 11, 5, 17, 12, 25),",'@jhennikay Ebola'
"29019528,","Dallas',","datetime(2014, 11, 5, 17, 12, 25),","'RT @JesseThorn: American Airlines has 24 levels of passenger, starting with Executive Platinum First Class. I am level 23, Dirt Person. (#2\xe2\x80\xa6'"
"577572942,","',","datetime(2014, 11, 5, 17, 12, 26),",'LAGOS-CELEBRATES-EBOLA-FREE-STATE - http://t.co/Yev0Xo8H7j http://t.co/7iFga04bsz'
"132277549,","London. Government. ',","datetime(2014, 11, 5, 17, 12, 26),",'RT @bmj_latest: Ebola: a clinical guide. Our new printable infographic by @will_s_t: http://t.co/2rwxYU2wg3 http://t.co/6eMSkYOg0F'
"759956924,","',","datetime(2014, 11, 5, 17, 12, 26),",'Click here to support Emergency Ebola Kits for Liberia by Marvin R. Tarawally http://t.co/LBOtN7n1of'
"66951419,","Cleveland, Ohio ',","datetime(2014, 11, 5, 17, 12, 26),","'WHY SOMEONE NEEDS TO WATCH THESE ORGANIZATIONS? NIH Has No Money For Ebola Vaccine, Has $31M for \xe2\x80\x98Diversity\xe2\x80\x99 Grant http://t.co/w82t8plarL'"
"2727431433,","',","datetime(2014, 11, 5, 17, 12, 27),",'RT @Independent: This is how much of the Africa is really affected by Ebola http://t.co/6hzrdLHniA http://t.co/VopN0OgGW8 http://t.co/ZyMKN\xe2\x80\xa6'
"372425629,","',","datetime(2014, 11, 5, 17, 12, 27),","'RT @Popehat: Actual Headline at Alternet: """"How You Let the Koch Brothers Manipulate Ebola, Lena Dunham, And Reality TV To Steal The Electio\xe2\x80\xa6'"
"271024433,","',","datetime(2014, 11, 5, 17, 12, 28),","'.@JohnKerry: FM @LaurentFabius &amp; I discussed our fight against ISIL, turning tide on #Ebola, achieving Europe that is whole, free, at peace.'"
