16640775,u'WATCH celebrities stay silent in PSA on Ebola response. http://t.co/NP5IAq1gLO'
77615393,"u'UMA MENTIRA CHAMADA ,,EBOLA,, VEJAM!!! \nhttp://t.co/JYN0E3hCAc\nhttp://t.co/HAN7kbXfp9'"
1026368150,"u'UMA MENTIRA CHAMADA ,,EBOLA,, VEJAM!!! \nhttp://t.co/TRs1Uh1C5a\nhttp://t.co/MYh1lHqrxs'"
1621613088,"u""""RT @dpakman: Have you noticed that post-election Ebola coverage, including of recent death, hasn't been panicked fearmongering? http://t.co\u2026"""""
2183277506,u'RT @GeniusPothead: A blunt a day\nkeeps the Ebola away http://t.co/fUAbMQ3nKR'
475028530,u'Worried about #Ebola? Special panel discussion tomorrow! http://t.co/gVC9V9bRfw [@NYUSSC] http://t.co/JtxMw5jw82'
484027054,"u'UMA MENTIRA CHAMADA ,,EBOLA,, VEJAM!!! \nhttp://t.co/CCvUXNfZEp\nhttp://t.co/qoAVVevo1L'"
1105029008,"u'UMA MENTIRA CHAMADA ,,EBOLA,, VEJAM!!! \nhttp://t.co/wZNfbcR18F\nhttp://t.co/2K3VCRSRat'"
919413181,"u'UMA MENTIRA CHAMADA ,,EBOLA,, VEJAM!!! \nhttp://t.co/sdC7bcK1lt\nhttp://t.co/s67nXhQFI0'"
378137091,"u'UMA MENTIRA CHAMADA ,,EBOLA,, VEJAM!!! \nhttp://t.co/v276XG8LBb\nhttp://t.co/4i0IFgMuUc'"
328445274,u'RT @KayGotBooty: ZOMBIE APOCALYPSE : Ebola victims in African village \u2018rise from the dead\u2019 http://t.co/8nNrlmacGU http://t.co/KEhuWipQ8b'
574760699,u'RT @TheFunnyVine: When you lie and tell a bad ass kid they got Ebola\U0001f602\U0001f602\U0001f602\U0001f602 https://t.co/Dd8exerQAZ'
515866676,u'RT @GeniusPothead: A blunt a day\nkeeps the Ebola away http://t.co/fUAbMQ3nKR'
480416456,u'RT @Vevo_UK: Buying @BandAid30 goes directly to fighting Ebola. Watch the video now which includes @onedirection + @Ollyofficial! http://t.\u2026'
606783277,u'@jenna_santa Texas... Be careful with Ebola.'
2163009374,"u'Bono, Ellie Goulding, Ben Affleck, Morgan Freeman &amp; more team up for powerful #Ebola video:\nhttp://t.co/xPh2T6NrpK http://t.co/cnWYwQDmMu'"
862133754,u'Surgeon Brought from Sierra Leone Dies of Ebola in U.S. http://t.co/JmtacM34la via @democracynow #FoxNews #MSNBC #RT #ABC #CBS'
717072708,"u'UMA MENTIRA CHAMADA ,,EBOLA,, VEJAM!!! \nhttp://t.co/TKUdZMZtg6\nhttp://t.co/XakKax4xdb'"
2868255475,"u""""New York person's remains test negative for Ebola: An Ebola test on the body of a person who died of an appare... http://t.co/tDiVNjtzSy"""""
294754397,u'haha foresaw this haha. Is it Infectiously Dangerous chuune?  RT @felixdonbash Ebola Riddim'
332430975,"u'#Ebola : il est urgent de disposer de tests diagnostiques rapides, sensibles, s\xfbrs et simples - via @WHO http://t.co/iNvzlwNeWC'"
167509441,"u'UMA MENTIRA CHAMADA ,,EBOLA,, VEJAM!!! \nhttp://t.co/abxhfjr1XY\nhttp://t.co/EQhQALFzhC'"
582367737,u'RT @GeniusPothead: A blunt a day\nkeeps the Ebola away http://t.co/fUAbMQ3nKR'
171464879,"u'A young Indian doctor who volunteered to spend four weeks in west Africa helping those suffering and dying of Ebola, http://t.co/eyWjpRhVYF'"
712172221,u'#OnKokonsaGhThisWeek Ghana plans subsidising Ebola vaccines http://t.co/Cj10Ndapai'
2881374400,u'RT @Vevo_UK: Buying @BandAid30 goes directly to fighting Ebola. Watch the video now which includes @onedirection + @Ollyofficial! http://t.\u2026'
180938591,"u'UMA MENTIRA CHAMADA ,,EBOLA,, VEJAM!!! \nhttp://t.co/pOvF7KmDrR\nhttp://t.co/vjUacMajJc'"
276627984,"u'UMA MENTIRA CHAMADA ,,EBOLA,, VEJAM!!! \nhttp://t.co/3XQ5Poo4i2\nhttp://t.co/cyvlzTNthd'"
346857967,"u'UMA MENTIRA CHAMADA ,,EBOLA,, VEJAM!!! \nhttp://t.co/gPO6CL8tqz\nhttp://t.co/VRsvpYHaMm'"
539465577,"u'UMA MENTIRA CHAMADA ,,EBOLA,, VEJAM!!! \nhttp://t.co/oAtuk7Ntb8\nhttp://t.co/kuD60VpU2A'"
322216282,u'Si\xe8ge \u2013 Charg\xe9(e) de recrutement &amp; suivi des expatri\xe9s \u2013 Urgence Ebola \u2013 Paris/Clichy http://t.co/YWQX6PItoT via @reliefweb @Solidarites_Int'
2751876922,u'RT @Vevo_UK: Buying @BandAid30 goes directly to fighting Ebola. Watch the video now which includes @onedirection + @Ollyofficial! http://t.\u2026'
2555625301,"u""""Me: who wants to hear an ebola joke? Ehh you won't get it!\n@Cohenour_Morgan: let hear it!! #duhhhh"""""
218921054,"u'UMA MENTIRA CHAMADA ,,EBOLA,, VEJAM!!! \nhttp://t.co/zTvkhGlMCX\nhttp://t.co/TwRyyoddic'"
2499837593,u'Ebola epidemic may cost Africa $4bn -World Bank http://t.co/wN6un6UNW0'
463815677,"u'UMA MENTIRA CHAMADA ,,EBOLA,, VEJAM!!! \nhttp://t.co/Q2XV3XVOEr\nhttp://t.co/G8JQ5Ot1Tb'"
551275401,"u'UMA MENTIRA CHAMADA ,,EBOLA,, VEJAM!!! \nhttp://t.co/tw0cyi43OB\nhttp://t.co/OW0pmqcIZt'"
41289757,"u'UMA MENTIRA CHAMADA ,,EBOLA,, VEJAM!!! \nhttp://t.co/wVAz4EDBDF\nhttp://t.co/9aDCsHsrkB'"
218243684,"u'UMA MENTIRA CHAMADA ,,EBOLA,, VEJAM!!! \nhttp://t.co/Ixnyz23tCN\nhttp://t.co/QZ46F0Jaic'"
290802460,"u'UMA MENTIRA CHAMADA ,,EBOLA,, VEJAM!!! \nhttp://t.co/YIU9sR5zmv\nhttp://t.co/RgSMbSdH3X'"
2190214278,u'RT @FunnyViness: I have Ebola https://t.co/WCsyB0yFN0'
720478982,"u'UMA MENTIRA CHAMADA ,,EBOLA,, VEJAM!!! \nhttp://t.co/pfoYipKkrf\nhttp://t.co/uLJdzEDxYc'"
17168510,"u'UMA MENTIRA CHAMADA ,,EBOLA,, VEJAM!!! \nhttp://t.co/1KdGFUVIaV\nhttp://t.co/3jg7P2Sq0u'"
1719583861,u'#sexi #antiracism Cuban doctor diagnosed with Ebola A Cuban doctor working in Sierra Leone has bee  http://t.co/SJ9AnQpTkI'
185193635,"u'Ajudeu a curar l\'ebola a l\'\xc0frica comprant la versi\xf3 de """"Do they know it\'s Christmas?"""" de grans noms de la m\xfasica https://t.co/IV9DvZyDDt'"
176541577,"u'UMA MENTIRA CHAMADA ,,EBOLA,, VEJAM!!! \nhttp://t.co/A3fWOsJ3Fe\nhttp://t.co/YxzD54xB4z'"
80888858,u'Colaborador cubano diagnosticado de \xe9bola esta siendo atendido por un equipo de profesionales brit\xe1nicos #Cuba #Ebola http://t.co/qxNOw8CQuH'
1065445292,"u""""RT @rusembitaly: #Lavrov: #Kerry said to ignore #Obama's statement putting #Russia in same basket with terrorism and #Ebola http://t.co/AGR\u2026"""""
305037754,u'Ebola Outbreak 2014: Bill And Melinda Gates Leading Study On Survivor Blood Transfusions http://t.co/0xQXVVpL6I'
1939989307,u'RT @iGimme: \u0e28\u0e34\u0e23\u0e34\u0e23\u0e32\u0e0a\u0e0b\u0e37\u0e49\u0e2d\u0e40\u0e04\u0e23\u0e37\u0e48\u0e2d\u0e07\u0e15\u0e23\u0e27\u0e08Ebola \u0e04\u0e34\u0e14\u0e04\u0e49\u0e19antibody\u0e44\u0e14\u0e49\u0e02\u0e36\u0e49\u0e19\u0e01\u0e23\u0e2d\u0e1a\u0e42\u0e04\u0e15\u0e23\u0e40\u0e25\u0e47\u0e01\u0e43\u0e19\u0e44\u0e17\u0e22\u0e23\u0e31\u0e10 \u0e2a\u0e48\u0e27\u0e19\u0e02\u0e48\u0e32\u0e27\u0e2b\u0e19\u0e49\u0e32\u0e2b\u0e19\u0e36\u0e48\u0e07\u0e19\u0e49\u0e2d\u0e07\u0e40\u0e2b\u0e22\u0e14\u0e41\u0e21\u0e4b\u0e02\u0e36\u0e49\u0e19\u0e0b\u0e30\u0e43\u0e2b\u0e0d\u0e48 #\u0e42\u0e04\u0e15\u0e23\u0e44\u0e17\u0e22 http://t.\u2026'
2466009575,u'One of 165 Cuban Doctors in Sierra Leone Tests Positive for Ebola Epidemic (Minor) http://t.co/9B0GZf3zNX'
360106208,u'@StanCollymore 10 of us are running a combined 200km for @MSF_uk to help put a stop to #Ebola Please share http://t.co/x5KscAHM0V'
2221664083,u'RT @Panda_Dramatico: - 190 qual sua emerg\xeancia?\n- t\xf4 com o virus ebola.\n- toma paracetamol.\n- mas..\n- 3 vezes ao dia.\n- s\xf3 que..\n- PA-RA-CE\u2026'
2662084814,u'Cuban doctor diagnosed with Ebola - http://t.co/pRlG0Kw3ym'
2764063637,u'http://t.co/9Af4UGcDxI : Cuban doctor to be flown to Geneva for Ebola care: Swiss'
2853392008,"u'RT @vijay9831: A young Indian doctor who volunteered to spend four weeks in west Africa helping those suffering and dying of Ebola, http://\u2026'"
416403241,u'RT @GeniusPothead: A blunt a day\nkeeps the Ebola away http://t.co/fUAbMQ3nKR'
2866202752,"u""""RT @Observateurs: PHOTO DU JOUR: le mur o\xf9 les patients gu\xe9ris d'Ebola inscrivent leur empreinte \xa9MSF http://t.co/AmWJFm9B2z http://t.co/6V\u2026"""""
305203241,"u'For Christmas this year I want Bob Geldof to go to West Africa, contact and die as a result of Ebola.'"
1108731342,"u""""I don't think anyone wants Bono to reach out and touch them, especially not people who are suffering from ebola. Don't poke ill people Bono."""""
2355258758,"u'Video: Matt Damon, Ben Affleck, Morgan Freeman - silent in response to Ebola crisis #WorldNews http://t.co/qENN89Omqe'"
325044007,"u'@IllicitPopsicle @onekade If anyone had any foresight, we\'d be calling her """"Ebola nurse 1""""'"
802939706,u'RT @GeniusPothead: A blunt a day\nkeeps the Ebola away http://t.co/fUAbMQ3nKR'
66119485,"u'RT @rocza: Wielded my red pen on the new #Ebola-related #BandAid30 lyrics. Skip the song, donate direct. http://t.co/7Ts6RJgKWM http://t.co\u2026'"
2404402053,"u'@RetrosLandon @EveRoberts_x the sheep are like fucking ebola, EVERYWHERE'"
117074732,u'RT @Fact: Ebola panic: 9 symptoms to be on the lookout for... http://t.co/MgEvhZzTuX'
254613739,u'#PappapaOullala Ensemble ils vont battre #EBOLA'
385171879,u'RT @GeniusPothead: A blunt a day\nkeeps the Ebola away http://t.co/fUAbMQ3nKR'
114630398,"u'RT @alwysBEEme: """"@Sheen300: They think Ebola stopped and died down...naw they just stopped telling y\'all about it on the news.. #WakeUp"""" ex\u2026'"
2178698850,u'#\u507d2ch\u9a12\u52d5 #sexi Cuban doctor diagnosed with Ebola A Cuban doctor working in Sierra Leone has bee  http://t.co/d25hYGJW7b'
573647747,u'RT @Vevo_UK: Buying @BandAid30 goes directly to fighting Ebola. Watch the video now which includes @onedirection + @Ollyofficial! http://t.\u2026'
1972786862,u'RT @CubanetNoticias: #Cuba M\xe9dico cubano da positivo por \xe9bola http://t.co/NgpEYTLewM http://t.co/mmbmCeyOHz'
16634289,u'African tourism hit by ebola fears though safari parks are further from outbreak than Europe http://t.co/s2PumeBbfW'
24964881,"u'Now that election is over not an issue?   MT @clairecmc: Fascinating.Empty seats, no cameras for hearing on Ebola... http://t.co/OzhsfMpTmW'"
576801455,u'RT @KHOU: Patient at Ben Taub tests negative for Ebola http://t.co/tKLPwgv92A #health'
203362803,u'RT @Vevo_UK: Buying @BandAid30 goes directly to fighting Ebola. Watch the video now which includes @onedirection + @Ollyofficial! http://t.\u2026'
263282373,"u""""RT @OKnox: @kaleekreider @clairecmc It's not very practical, but at least we now know that the cure for Ebola hysteria in the US is mid-ter\u2026"""""
344880213,u'This headline makes me imagine a boy whose semen has secretly become autonomous....and now has #ebola http://t.co/0V39E3nhDO'
1202174402,u'RT @AlainaHopeO: Ebola at OHS?'
2502746996,u'RT @GeniusPothead: A blunt a day\nkeeps the Ebola away http://t.co/fUAbMQ3nKR'
1022484170,"u""""RT @Vice_Is_Hip: Is Ebola the new Mrs Brown's Boys?"""""
1683449258,"u'RT @NBCNewsHealth: U.S. and Africa Both Need Ebola-Ready Hospitals, Experts Say http://t.co/mowWDTZNJP'"
28690762,"u'RT @rocza: Wielded my red pen on the new #Ebola-related #BandAid30 lyrics. Skip the song, donate direct. http://t.co/7Ts6RJgKWM http://t.co\u2026'"
1109712985,u'RT @GeniusPothead: A blunt a day\nkeeps the Ebola away http://t.co/fUAbMQ3nKR'
939775632,u'What MSF are doing in West Africa: http://t.co/oGrjqBOozg http://t.co/fq8AxXuBMd'
2454146035,u'RT @yrreJ_x: Ebola Chip 5 rts and ill eat it http://t.co/fQc6Tw4BMY'
2215209272,"u""""Well she's labled-Ebola Nurse: Stop calling me the 'Ebola Nurse'\nhttp://t.co/mRXkLvGeRd"""""
2355539460,u'#\u3075\u3093\u3069\u3057\u306e\u5de8\u4eba Cuban doctor diagnosed with Ebola A Cuban doctor working in Sierra Leone has bee  http://t.co/GF7LZc1hsx'
138823791,u'Check out the Act Up Against #Ebola: Organizing Against Fear episode @grittv and @LauraFlanders. http://t.co/Xoc6zytLpi'
459743786,u'RT @GeniusPothead: A blunt a day\nkeeps the Ebola away http://t.co/fUAbMQ3nKR'
62992942,u'RT @GeniusPothead: A blunt a day\nkeeps the Ebola away http://t.co/fUAbMQ3nKR'
1606025952,u'Borio at #Ebola hearing: Our decisions are always based on science ... we will continue to move as fast as the science allows.'
14647484,"u""""At this rate I wouldn't be surprised if this computer tested positive for Ebola. Yikes."""""
2746444839,"u""""#WeCanFightEbola #Sportsblitz24 #WeLoveFootball  Hit the like (Y) button.. Let's fight Ebola"""""
18684662,u'Why was man certified Ebola-free quarantined in India? http://t.co/5JAL8T3pms #Ebola'
439649249,u'RT @funkflex: Patient Number Two In The U.S. Dies Of The Ebola!!! - http://t.co/ywN0rrTxO5 #IFWT'
26947929,"u'RT @M24Miles: @M24Miles """"Then the Dr. is determined to have Ebola and sent to hospital in USA, Nebraska, where Ebola takes his life. Now th\u2026'"
385451589,"u'@patchrzan za bardzo nie znosz\u0119 upa\u0142\xf3w,tam za d\u0142ugo s\u0105:-)ale na kr\xf3tko, tak:) cholera,chyba tam jeszcze jest ta ebola.Nie jad\u0119 na razie :-)'"
177702195,"u'@M24Miles """"So where was Obama\'s govt abundance of caution when they monitored potential Ebola woman and let her do peoples hair in NY!"""" ...'"
229010922,"u""""RT @dpakman: Have you noticed that post-election Ebola coverage, including of recent death, hasn't been panicked fearmongering? http://t.co\u2026"""""
234553086,u'RT @pensbender: wiffle ball \u2705\nblood clots \u2705\nstroke \u2705\ncancerous tumor \u2705\nacl \u2705\nebola ____'
1621153064,u'RT @picardonhealth: Should Canada tear up the #Ebola vaccine contract with NewLink Genetics? w/ @profamirattaran http://t.co/j1yS8vbrR7 @Th\u2026'
230542516,u'FIFTH HARMONYS ALL I WANT FPR CHRISTMAS COVER GIVES ME FUCKING LIFE. ITS LITERSLLY THE CURE TO EBOLA'
289089099,"u'RT @TrunewsRadio: Woman who was being monitored for Ebola drops dead with blood coming from her face, nose and \u2026 http://t.co/OTe3Cu8Ofo htt\u2026'"
927772573,u'RT @Vevo_UK: Buying @BandAid30 goes directly to fighting Ebola. Watch the video now which includes @onedirection + @Ollyofficial! http://t.\u2026'
2768333524,u'RT @Vevo_UK: Buying @BandAid30 goes directly to fighting Ebola. Watch the video now which includes @onedirection + @Ollyofficial! http://t.\u2026'
42953038,u'RT @PathogenPhD: Why was \u2018Ebola-free\u2019 survivor quarantined in India after viral traces in his semen? http://t.co/2YPvZKv6xo via @Conversati\u2026'
299332640,"u'RT @clairecmc: Fascinating.Empty seats and no cameras for hearing on Ebola &amp; public health:threats,lessons learned,and preparedness http://\u2026'"
2836785657,"u""""RT @dpakman: Have you noticed that post-election Ebola coverage, including of recent death, hasn't been panicked fearmongering? http://t.co\u2026"""""
41899868,u'RT @GeniusPothead: A blunt a day\nkeeps the Ebola away http://t.co/fUAbMQ3nKR'
1312160455,u'#NewMusic\nEbola Riddim - UIM Records\nhttp://t.co/Zu6HOF7LmO\n@UIMRECORDS @ANJUBLAX'
709427177,u'RT @Vevo_UK: Buying @BandAid30 goes directly to fighting Ebola. Watch the video now which includes @onedirection + @Ollyofficial! http://t.\u2026'
1859738918,u'RT @GeniusPothead: A blunt a day\nkeeps the Ebola away http://t.co/fUAbMQ3nKR'
241152422,u'Nurses union: #OSHA must tighten #Ebola protection requirements #LaborNews http://t.co/hp5IPKZbGF'
213098960,"u'Ebola: An Ebola survivor has been quarantined in India after his semen tested positive for the virus, health o... http://t.co/TicjCuiEjb'"
1733751636,u'RT @Vevo_UK: Buying @BandAid30 goes directly to fighting Ebola. Watch the video now which includes @onedirection + @Ollyofficial! http://t.\u2026'
2515128924,u'Germ-zapping robot could fight Ebola and other deadly viruses | http://t.co/KnVL6hQ58D'
19181549,"u""""BBC News - Cuba's health diplomacy in the age of Ebola http://t.co/jwNMxpDZu2"""""
1955306840,u'RT @fpenard: Si\xe8ge \u2013 Charg\xe9(e) de recrutement &amp; suivi des expatri\xe9s \u2013 Urgence Ebola \u2013 Paris/Clichy http://t.co/YWQX6PItoT via @reliefweb @S\u2026'
220357425,u'RT @BBGAfrica: Mali Nurse Endures Neighbors\u2019 Stoning to Battle Ebola  http://t.co/ekT4sy8N4T'
1013985996,u'RT @GeniusPothead: A blunt a day\nkeeps the Ebola away http://t.co/fUAbMQ3nKR'
1726926338,"u""""This African girl in my class asked me if I had Ebola bc I'm sick \U0001f602\U0001f629\U0001f629\U0001f629\U0001f44a"""""
436178195,"u""""RT @masloss: Ebola- 1 death (American) \nBuffalo Storm 14' - 5 deaths \n\nLooks like America was better equipped to handle a disease than a sn\u2026"""""
2709818358,u'RT @GooCraft: Oh shit ebola-chan cults http://t.co/n1cq3zL7vW'
1386602072,u'I honestly think I have ebola'
1304515705,u'Ebola forcing Liberians out of work'
123628729,u'@ONECampaign Ebola is a hygiene issue which needs habit change. Celebrate @worldtoiletday to solve this crisis @EbolaAlert'
102972036,"u'V\xeddeo com estrelas tenta conscientizar sobre o Ebola: V\xe1rias estrelas da m\xfasica e do cinema, como Bono Vox e B... http://t.co/zviwbYv7ZS'"
2861671654,u'Half Of Liberian Workforce Not Working Due To Ebola Virus: World Bank: Source: www.ibtimes.... http://t.co/HpFyBNpdg5 #TwendingNow'
15298280,u'RT @wxdancer: Great talk on Dallas and TX response to Ebola fears and how flexible ICS and public education made difference for success.  #\u2026'
2363481859,u'RT @BBCSport: Ibrahima Traore has to beg @borussia_en to let him play for Guinea due to Ebola fears http://t.co/McpTwHhmhm http://t.co/PnMX\u2026'
2458311762,u'#cnn Ebola http://t.co/4Wu12hFmbn'
112251080,u'RT @Vevo_UK: Buying @BandAid30 goes directly to fighting Ebola. Watch the video now which includes @onedirection + @Ollyofficial! http://t.\u2026'
586233811,u'RT @GeniusPothead: A blunt a day\nkeeps the Ebola away http://t.co/fUAbMQ3nKR'
568691318,u'RT @GeniusPothead: A blunt a day\nkeeps the Ebola away http://t.co/fUAbMQ3nKR'
1367934458,u'RT @Vevo_UK: Buying @BandAid30 goes directly to fighting Ebola. Watch the video now which includes @onedirection + @Ollyofficial! http://t.\u2026'
1905235814,"u'20,000 California nurses go on strike over Ebola fears http://t.co/DORIcj2p2j'"
911187002,u'RT @GeniusPothead: A blunt a day\nkeeps the Ebola away http://t.co/fUAbMQ3nKR'
893589835,u'RT @Vevo_UK: Buying @BandAid30 goes directly to fighting Ebola. Watch the video now which includes @onedirection + @Ollyofficial! http://t.\u2026'
140168836,u'West African Mining Projects Take Hit From Ebola Crisis \u2013 by Patrick\u2026 http://t.co/PtdVXiaJmB #Vanadium #Google'
2280798452,u'#Cuba Helps #Jamaica against #Ebola http://t.co/LAF0XWDGs2'
946727258,u'I Do \U0001f605\U0001f602 #realniggaseatbooty #idgt #kevingates #ebola #niggasbelike #bwa #lmao #funnyshit #regram\u2026 http://t.co/nfrrLcXubu'
2362333436,u'RT @KayGotBooty: ZOMBIE APOCALYPSE : Ebola victims in African village \u2018rise from the dead\u2019 http://t.co/8nNrlmacGU http://t.co/KEhuWipQ8b'
2728747346,u'#cnn Ebola http://t.co/ueCZ6lE33S'
1262901086,u'@developspacesa @nonprofitorgs @africa2moon ahhm funded by ebola aid money? Food for thought?'
23642918,u'RT @cliffpavlovic: U.S. Will Test Multiple Ebola Drugs in Clinical Trials [Bloomberg] http://t.co/nzLB5UFLg4'
20861362,"u'Woman suddenly dies after W. Africa trip, sparks Ebola panic @drudgereportapp http://t.co/Z906K5vwH3'"
36454287,"u""""Study Will Test Survivors' #Blood to Treat #Ebola: http://t.co/yw2WbEaTYf"""""
1660728594,"u'RT @DCClothesline: NYC Woman on Ebola Watchlist Dies Bleeding From Mouth, Authorities Say """"Heart Attack"""" http://t.co/sfOnx98z9t'"
117074732,u'@toprahquotes evn worse dan ebola... \U0001f600'
566858667,"u'Ebola Patient pickup, G-III enroute to Dakar! @healthandcents @chewy27 @RyanBLeslie @LHoughtaling @ChinhDoan http://t.co/fjMX7LqufL \u2026'"
1606025952,u'RT @BioWorld: Borio at #Ebola hearing: More than 300 #FDA staff involved in response to Ebola crisis.'
18083519,u'A public-private partnership would increase our chances of developing a vaccine for #Ebola http://t.co/juki9NMFOj'
156351109,u'Aid Groups Say Quarantines Are Deterring Ebola Volunteers http://t.co/gWfL9caYqZ #philanthropy'
431890736,u'RT @GeniusPothead: A blunt a day\nkeeps the Ebola away http://t.co/fUAbMQ3nKR'
142928871,"u""""RT @J_Schiff: .@ONECampaign's #Ebola response tracker is an incredible resource: http://t.co/nxQX6Bciae http://t.co/LV02F2PU76 via @global_\u2026"""""
22970986,u'Trending: Kentucky National Guard members return from mission to fight Ebola http://t.co/iBf22K6O0g http://t.co/kz1s0MbN3T'
498712329,"u""""RT @MezahiMaher: Algeria and Mali sides display banner: 'Together we can beat Ebola' http://t.co/DtJiECKXNX"""""
2290269564,u'RT @GeniusPothead: A blunt a day\nkeeps the Ebola away http://t.co/fUAbMQ3nKR'
2729109015,"u'RT @RAC105Oficial: Ajudeu a curar l\'ebola a l\'\xc0frica comprant la versi\xf3 de """"Do they know it\'s Christmas?"""" de grans noms de la m\xfasica https:\u2026'"
269720896,u'RT @GeniusPothead: A blunt a day\nkeeps the Ebola away http://t.co/fUAbMQ3nKR'
16664681,"u'Cuban doctor diagnosed with Ebola will be transferred to Geneva, Switzerland for care http://t.co/z2qlAoaMlV'"
442485236,u'What ever happened to Ebola lol'
197446914,"u""""One @UNICEF_Liberia photographer's glimpse behind the front lines of #EbolaResponse. http://t.co/yikTlKumIj http://t.co/wc5LBK42JO"""""
424986455,u'RT @Vevo_UK: Buying @BandAid30 goes directly to fighting Ebola. Watch the video now which includes @onedirection + @Ollyofficial! http://t.\u2026'
943307599,u'RT @iGimme: \u0e28\u0e34\u0e23\u0e34\u0e23\u0e32\u0e0a\u0e0b\u0e37\u0e49\u0e2d\u0e40\u0e04\u0e23\u0e37\u0e48\u0e2d\u0e07\u0e15\u0e23\u0e27\u0e08Ebola \u0e04\u0e34\u0e14\u0e04\u0e49\u0e19antibody\u0e44\u0e14\u0e49\u0e02\u0e36\u0e49\u0e19\u0e01\u0e23\u0e2d\u0e1a\u0e42\u0e04\u0e15\u0e23\u0e40\u0e25\u0e47\u0e01\u0e43\u0e19\u0e44\u0e17\u0e22\u0e23\u0e31\u0e10 \u0e2a\u0e48\u0e27\u0e19\u0e02\u0e48\u0e32\u0e27\u0e2b\u0e19\u0e49\u0e32\u0e2b\u0e19\u0e36\u0e48\u0e07\u0e19\u0e49\u0e2d\u0e07\u0e40\u0e2b\u0e22\u0e14\u0e41\u0e21\u0e4b\u0e02\u0e36\u0e49\u0e19\u0e0b\u0e30\u0e43\u0e2b\u0e0d\u0e48 #\u0e42\u0e04\u0e15\u0e23\u0e44\u0e17\u0e22 http://t.\u2026'
1416710634,u'RT @GeniusPothead: A blunt a day\nkeeps the Ebola away http://t.co/fUAbMQ3nKR'
497340245,"u""""RT @masloss: Ebola- 1 death (American) \nBuffalo Storm 14' - 5 deaths \n\nLooks like America was better equipped to handle a disease than a sn\u2026"""""
559356088,u'Ebola-Patient innert 48 Stunden in Genf http://t.co/7sgq67XsSA'
2894238992,u'The truth is Shrek ebola Patrick could be furious embryo might be official\n #macdonalds'
285909143,u'RT @Vevo_UK: Buying @BandAid30 goes directly to fighting Ebola. Watch the video now which includes @onedirection + @Ollyofficial! http://t.\u2026'
23680334,"u""""RT @J_Schiff: .@ONECampaign's #Ebola response tracker is an incredible resource: http://t.co/nxQX6Bciae http://t.co/LV02F2PU76 via @global_\u2026"""""
1165657854,"u'When sum1 coughs or sneezes .. The whole class be like """" iyaaa ebola! """"'"
1568359693,"u""""T\xfcrkiye'den Ebola jest'i http://t.co/x8CvhlXj1S"""""
42104504,u'RT @Vevo_UK: Buying @BandAid30 goes directly to fighting Ebola. Watch the video now which includes @onedirection + @Ollyofficial! http://t.\u2026'
47071700,u'RT @thomasamter: African tourism hit by ebola fears though safari parks are further from outbreak than Europe http://t.co/s2PumeBbfW'
542205096,"u""""RT @MezahiMaher: Algeria and Mali sides display banner: 'Together we can beat Ebola' http://t.co/DtJiECKXNX"""""
25074924,"u""""The infamous Ebola Nurse, People Magazine's Sexiest Man Alive, &amp; Abu Dhabi's strict photo laws in today's On Demand: http://t.co/tfNabYUdTP"""""
1086215340,"u""""Ebola crisis in Liberia: 'One in two workers now jobless' http://t.co/G7uYdU4JJ9"""""
400643706,u'Hahahahahaha Chelsea Fergo has Ebola!'
1234172942,u'RT @Vevo_UK: Buying @BandAid30 goes directly to fighting Ebola. Watch the video now which includes @onedirection + @Ollyofficial! http://t.\u2026'
2266368205,u'RT @Vevo_UK: Buying @BandAid30 goes directly to fighting Ebola. Watch the video now which includes @onedirection + @Ollyofficial! http://t.\u2026'
313552840,"u'""""Do They Know It\'s Christmas Time?"""", el tema que reuni\xf3 a varios artistas contra el \xe9bola http://t.co/LbPaU7DkKJ'"
2530163633,u'RT @GeniusPothead: A blunt a day\nkeeps the Ebola away http://t.co/fUAbMQ3nKR'
559758021,u'RT @stinsonsays: *Ebola joke*\neveryone laughs \n\n*AIDS joke*\neveryone laughs\n\n*Cancer joke*\nwtf is wrong with you? people die of Cancer!\n\n-o\u2026'
408468196,"u'RT @thenorthend: Now that election is over not an issue?   MT @clairecmc: Fascinating.Empty seats, no cameras for hearing on Ebola... http:\u2026'"
1245975114,"u'@JohnSkylar @bogiperson Tom Clancy did an aerosolized Ebola weapon book too, Executive Orders.'"
2542046718,u'Big Drop in American Volunteers to Ebola Zone http://t.co/zy7v40qh0U'
2774862737,"u""""General News \u2022\xa0'Ebola scare kills 2' via @233liveOnline. Full story at http://t.co/QCtlhLIMom"""""
1568359693,"u""""T\xfcrkiye'den Ebola jest'i http://t.co/z5hcYU4MbZ"""""
2220410791,u'#VozLatina Cuban Doctor Diagnosed With Ebola: HAVANA (AP) \u2014 A member of the 165-member medical team Cuba sent ... http://t.co/AIfbghuhNK'
1958882492,"u""""RT @KissOfKaramel: So, did the world just stop caring about Ebola now that it's no longer a threat to white people?"""""
2416507183,"u'RT @vinnycrack: i woke up today with no aids, ebola, or children god is good'"
68698703,"u'RT @latimes: Cuban doctor diagnosed with Ebola will be transferred to Geneva, Switzerland for care http://t.co/z2qlAoaMlV'"
79187514,"u'RT @LOLGOP: We showed that nurse for risking her life to go fight Ebola in Africa. Good work, guys.'"
2893576434,u'Cuban Doctor Diagnosed With Ebola: HAVANA (AP) \u2014 A member of the 165-member medical team Cuba sent to fight Eb... http://t.co/MsFmtYuaIt'
20314988,"u'AEMD """"Emergency Use"""" Pathway To Treat Ebola in the United St... http://t.co/xUGDMd7CVK via @YahooFinance'"
630174379,u'RT @Mr_tofunmi: AIDS is a name.\nEBOLA is a name.\nMALARIA is a name.\nLEUKAEMIA is a name.\n...But there is a name far above all names.\nJESUS \u2026'
318552934,"u""""RT @Sheen300: They think Ebola stopped and died down...naw they just stopped telling y'all about it on the news.. #WakeUp"""""
346315533,"u'RT @inkedarab: \U0001f602\U0001f616\U0001f602\U0001f616\U0001f602\U0001f616\U0001f602 \n\n""""Dodged Ebola Bout A Week Ago""""\n\U0001f637\U0001f637\U0001f637\U0001f648\U0001f480\U0001f52b\U0001f52b\n\n\U0001f616\U0001f602\U0001f616\U0001f602\U0001f616\U0001f602\U0001f616 http://t.co/qnhaiA44xh'"
2799904356,u'RT @Vevo_UK: Buying @BandAid30 goes directly to fighting Ebola. Watch the video now which includes @onedirection + @Ollyofficial! http://t.\u2026'
11764002,"u""""Inspiring lunch conversation with DEC's @salehsaeed covering Ebola Gaza and West Bromwich Albion. Thanks as ever to @EdwardWild1"""""
323618619,u'RT @EpicKidFails: When you lie and tell a bad ass kid they got Ebola\U0001f602\U0001f602\U0001f602\U0001f602 https://t.co/rNBLTfsmRb'
108768066,u'RT @GeniusPothead: A blunt a day\nkeeps the Ebola away http://t.co/fUAbMQ3nKR'
2400350054,u'@krmyildiz84 yok ebola'
2857877897,"u'RT @SOSLapsikyla: #Ebola -alueen lapset tarvitsevat apua!  Ryhdy nyt #kummi:ksi, annat rakastavan kodin! #hyv\xe4ntekev\xe4isyys #joululahja http\u2026'"
452200250,u'RT @Vevo_UK: Buying @BandAid30 goes directly to fighting Ebola. Watch the video now which includes @onedirection + @Ollyofficial! http://t.\u2026'
235318938,"u""""La FIF si ils on trop d'argent ils on qu'\xe0 investir dans m\xe9dicament contre Ebola plut\xf4t que d'envoyer ceux la en Guin\xe9e"""""
59030740,u'WEDNESDAY 6PM-MIDNIGHT\n#PUSHHappyHour + EBOLA FUNDRAISER hosted by #VannetteTolbert @MissVannette\u2026 http://t.co/jljrq6L6TV'
816369434,u'@erickferrer55 Que ebola asere'
907039093,"u'a musica q fizeram pro Ebola ,ta acabando cmg @onedirection for #AMAs #AOTY'"
2479976180,u'@LiamSymonds95 @ColtDwell Ebola.'
249813586,u'RT @NBCNews: Cuban doctor treating Ebola patients in Sierra Leone contracts the  disease http://t.co/2zM5MklHhU http://t.co/DITfsOAzNZ'
243844491,u'Doctor Suggests That Marijuana Can Protect You From Ebola http://t.co/hL89GcHggz via @collectiveevol'
281678692,u'Shawn Storm - Nuh Man 2 Mi (Raw) [Ebola Riddim] November 2014 @Crushroad876 #JamIcons http://t.co/4nKqSR4Qtg #YuZiMi #Jamaica'
2756329898,u'RT @theAAG: What Geography Can Teach Us About Disease Spread: Ebola in\xa0Dallas http://t.co/mL38qSa3k1'
281678692,u'Wasp - Freestyle (Alkaline &amp; Gage Diss) [Ebola Riddim] November 2014 @Crushroad876 #JamIcons http://t.co/MU0P9PukGT #YuZiMi #Jamaica'
151612981,u'Aye RT\u201c@GeniusPothead: A blunt a day\nkeeps the Ebola away http://t.co/3a3m0CidGh\u201d'
1547253318,u'que mucho jode el ebola llamando a mi cel si sabe que no le voy a contestar'
1454650220,u'SLOGAN : TOGETHER WE CAN FIGHT EBOLA'
41651551,"u'Brooklyn Woman On Ebola Monitoring List Drops Dead in Hair Salon Bleeding From """"Face,Mouth,Nose,Everything""""  http://t.co/KebAnCftIJ #Ebola'"
2765460071,u'RT @Vevo_UK: Buying @BandAid30 goes directly to fighting Ebola. Watch the video now which includes @onedirection + @Ollyofficial! http://t.\u2026'
2824466505,"u""""RT @iDrawPeoplee: Hunger kills more than Ebola but it's not considered a significant problem since rich people can't die of it. http://t.co\u2026"""""
35306978,"u'USAID, Broad Institute and Illumina Form a Public Private Partnership Combating the Ebola Epidemic in West Africa:  http://t.co/rIX7ihCCv5'"
297920532,u'RT @GeniusPothead: A blunt a day\nkeeps the Ebola away http://t.co/fUAbMQ3nKR'
1389745512,u'RT @atejancole: The 6 SierraLeone doctors who have died as a result of #Ebola http://t.co/CFbATdiJnY'
2488367000,"u'RT @latimes: Cuban doctor diagnosed with Ebola will be transferred to Geneva, Switzerland for care http://t.co/z2qlAoaMlV'"
87119587,"u'""""@latimes: Cuban doctor diagnosed with Ebola will be transferred to Geneva, Switzerland for care http://t.co/M3QFxXwsJo""""'"
1599863868,"u'RT @Bij_So: RT si hypza a Ebola, Fav si il a le SIDA'"
334961445,u'RT @GeniusPothead: A blunt a day\nkeeps the Ebola away http://t.co/fUAbMQ3nKR'
874296787,u'@BaumgartneFelix We r fundraising for @MSF_uk to help fight #Ebola. A retweet would be greatly appreciated. Donate: http://t.co/1fYw6mpPTI'
1883795467,u'To PAPR or not to PAPR? http://t.co/IS5hOeliln  \n #respiratory #Ebola'
1611341862,u'RT @davidsimmons: Big up for my friend @MandewaCole - travelling to Sierra Leone to build ebola clinics. Please pray &amp; uphold him and his K\u2026'
616477854,u'RT @GeniusPothead: A blunt a day\nkeeps the Ebola away http://t.co/fUAbMQ3nKR'
365627246,u'Revealed earlier this month that mainstream media outlets have agreed to a govt demand not to report on suspected Ebola cases in the US'
346718713,"u'Websites with autoplaying adverts are, I think I can say without fear of hyperbole, worse than Hitler and Ebola combined'"
623650612,u'RT @g1: Instituto Butantan vai produzir soro contra ebola em parceria com os EUA http://t.co/bPh9ItFfRi #G1 http://t.co/FoNBM9PKsa'
160261955,"u""""Morning Break: Don't Worry About Ebola -- Worry About Cruises http://t.co/MEfFhcur8M"""""
2849505669,u'Learn about how to prevent and protect yourself from #Ebola. Follow #Ebola24 on #WeChat for guidelines. http://t.co/jh93sL6Ori @WeChatZA'
413490509,"u""""Today we are having a Fireside Chat about Ebola in the Ehinger Center from 5:30 - 6:30! Come out and join us. You won't want to miss it!!!!!"""""
991969356,"u'Health officials say the woman, who likely suffered a heart attack, arrived from Ebola-stricken G http://t.co/030jwofmul'"
1957798880,u'RT @GeniusPothead: A blunt a day\nkeeps the Ebola away http://t.co/fUAbMQ3nKR'
520523634,u'RT @GeniusPothead: A blunt a day\nkeeps the Ebola away http://t.co/fUAbMQ3nKR'
373451094,u'RT @BBCWorldTonight: 10pm tonight on @BBCRadio4: a special programme with @BBCPaulMoss from #Ghana on the effect of #Ebola on the region ht\u2026'
2252302925,"u'RT @soniarolley: Matt Damon, Morgan Freeman et Ben Affleck mobilis\xe9s contre #Ebola http://t.co/ulzDilsMx1 http://t.co/VZCgpkKz2z the good s\u2026'"
1068526536,u'RT @Vevo_UK: Buying @BandAid30 goes directly to fighting Ebola. Watch the video now which includes @onedirection + @Ollyofficial! http://t.\u2026'
1062716244,"u""""#Ebola: l'inqui\xe9tude grandit au Mali, d\xe9c\xe8s d'un m\xe9decin aux Etats-Unis - 20minutes.fr http://t.co/whffBaSCbV"""""
2559416869,u'RT @Mandeep_Dh: #Ebola causing delays for pregnant women in accessing health services http://t.co/0uriziCz3n\u2026 @HelenClarkUNDP @RandiDavisUN\u2026'
570920553,"u""""RT @TheFunnyTeens: all I hear in school.\n-ebola \n-yeet\n-bruhh\n-whats 9 + 10\n-21\n-ebola\n-tacos\n-my anaconda don't \n-ebola\n-bout a week ago \n\u2026"""""
625420980,u'Cuban doctor contracts Ebola in Sierra Leone http://t.co/KhHny83tn0'
2553989454,u'RT @XCsmashStudios: New patch version of Ebola Cellvivor now available http://t.co/Zc1YzF2rsh #screenshotsaturday #365screenshots http://t.\u2026'
546029429,u'The Socio-Economic Impacts of #Ebola in #Liberia http://t.co/pYBB2x7DKL via @WorldBank #ebloaresponse http://t.co/cwTTAFysez'
1347395143,"u""""RT @amariastar: Gonna get matching 'Fuck Ebola' t-shirts with @mwaghoti"""""
2550774110,u'RT @XCsmashStudios: New patch version of Ebola Cellvivor now available http://t.co/Zc1YzF2rsh #screenshotsaturday #365screenshots http://t.\u2026'
2792299046,u'RT @guardian: Why I had to turn down Band Aid \u2013 @FuseODG http://t.co/iyeMl2HlW6 #Ebola http://t.co/3lUpU2Km1v'
373867306,"u""""Woman's Death Not Related to Ebola, NYC Health Officials Say http://t.co/a9FOUbg58J"""""
2442363171,u'RT @Vevo_UK: Buying @BandAid30 goes directly to fighting Ebola. Watch the video now which includes @onedirection + @Ollyofficial! http://t.\u2026'
900181669,u'RT @Vevo_UK: Buying @BandAid30 goes directly to fighting Ebola. Watch the video now which includes @onedirection + @Ollyofficial! http://t.\u2026'
529043440,u'http://t.co/Gnu3g4ojpZ http://t.co/znbOi7xYzc'
296752580,u'5 Lessons in Crisis Communications from the #Ebola Response #USA http://t.co/xFI6tbBWRA via @Gbaron #smem'
1686134744,u'RT @Vevo_UK: Buying @BandAid30 goes directly to fighting Ebola. Watch the video now which includes @onedirection + @Ollyofficial! http://t.\u2026'
625420980,u'Big Drop in American Volunteers to Ebola Zone http://t.co/5lGkdVzhfe'
371292156,u'RT @realnoahsmith9: I bet the cure to Ebola is paq.'
2150204889,"u'RT @Giro555: De stop #ebola playlist: we hebben de grootste hits, mooiste liedjes en creatiefste creaties op een rijtje gezet: http://t.co/\u2026'"
2880807456,u'RT @TelegraphTravel: Tourists are avoiding parts of Africa that are 3000 miles away from #ebola outbreaks http://t.co/F5IYkqRe4Y http://t.c\u2026'
2575194728,u'RT @NBCNews: Cuban doctor treating Ebola patients in Sierra Leone contracts the  disease http://t.co/2zM5MklHhU http://t.co/DITfsOAzNZ'
729218695,u'RT @GeniusPothead: A blunt a day\nkeeps the Ebola away http://t.co/fUAbMQ3nKR'
140146123,"u'RT @latimes: Cuban doctor diagnosed with Ebola will be transferred to Geneva, Switzerland for care http://t.co/z2qlAoaMlV'"
515924882,u'RT @NBCLA: US must create network of Ebola-ready hospitals at home and in West Africa or risk continued outbreaks say experts http://t.co/D\u2026'
193662056,"u'Sam Smith, Ed Sheeran, And More Remake The Classic """"Do They Know It\u2019s Christmas?"""" To Fight Ebola http://t.co/J4r8i73J66'"
2880957119,u'RT @UpToDate: To assist with the #Ebola outbreak @wkhealth has granted free access to UpToDate in #Liberia &amp; #SierraLeone http://t.co/JLRsD\u2026'
18646159,u'RT @thomasamter: African tourism hit by ebola fears though safari parks are further from outbreak than Europe http://t.co/s2PumeBbfW'
129887194,u'India isolates man with Ebola-infected semen http://t.co/SHLDrnbpHu'
1389745512,u'RT @HelenBranswell: #Ebola has claimed another Sierra Leonean doctor. West Africa cannot afford these losses http://t.co/Ct0C1zO81y RIP Dr.\u2026'
1747084734,u'RT @classifiedfact: You can kill the Ebola virus before it enters your system by simply washing your hands with soap and water.\u201d'
2726565540,u'RT @ONECampaign: Hate awkward silence? See if you can make it through @ONECampaign\u2019s new Ebola video http://t.co/xgzq4sNdiw http://t.co/FMX\u2026'
33697243,"u'RT @latimes: Cuban doctor diagnosed with Ebola will be transferred to Geneva, Switzerland for care http://t.co/z2qlAoaMlV'"
2762760555,"u'RT @RFI: Matt Damon, Morgan Freeman et Ben Affleck mobilis\xe9s contre Ebola http://t.co/HsmkjTwIa1 http://t.co/mAZZe6ZdIa'"
188673057,u'#Ebola : un mort \xe0 New-York et un premier cas en Inde  http://t.co/tFIyxt4Ohc via @topsantecom'
1726426195,u'RT @_Duce__: I forgot all about that Ebola shit \U0001f602'
2886625220,u'RT @GeniusPothead: A blunt a day\nkeeps the Ebola away http://t.co/fUAbMQ3nKR'
438635191,u'RT @GeniusPothead: A blunt a day\nkeeps the Ebola away http://t.co/fUAbMQ3nKR'
236621049,"u""""RT @MezahiMaher: Algeria and Mali sides display banner: 'Together we can beat Ebola' http://t.co/DtJiECKXNX"""""
228502991,"u'RT @rocza: Wielded my red pen on the new #Ebola-related #BandAid30 lyrics. Skip the song, donate direct. http://t.co/7Ts6RJgKWM http://t.co\u2026'"
1355796230,u'RT @GeniusPothead: A blunt a day\nkeeps the Ebola away http://t.co/fUAbMQ3nKR'
1217479166,u'Cuban doctor in Sierra Leone tests positive for Ebola: A Cuban doctor treating Ebola patients in Sierra Leone has\u2026 http://t.co/aJ7dlAy7A6'
2852328283,u'@C_OWT \nT-Bowl\nE-Bowl\nE-Bol\nE-Bola\nEbola\n\nCoincidence? #illuminati #conspiracytheory'
169595143,u'RT @_Duce__: I forgot all about that Ebola shit \U0001f602'
2216213984,u'@tbutticelli vc tem ebola'
156366733,"u'RISD, Brown students employ design to help health-care workers fighting Ebola #fightebola  http://t.co/kprgotcpIs'"
332182559,u'Malapit na Christmass! Nu na balak nyo sa reregaluhan nyo? Gusto kong Iregalo sa friends ko isang box nang Ebola! Yun kasi ang IIN ngayon.\U0001f489'
411167209,"u""""RT @Sheen300: They think Ebola stopped and died down...naw they just stopped telling y'all about it on the news.. #WakeUp"""""
262326533,"u'Remains of #NYC woman who died after returning from West Africa test negative for #Ebola, report says http://t.co/Ec69zCTMPO'"
250417923,u'Nation Places 600 Under Ebola Surveillance. http://t.co/2HtdX8aCJP'
46682580,u'RT @GeniusPothead: A blunt a day\nkeeps the Ebola away http://t.co/fUAbMQ3nKR'
2514914696,u'Cuban doctor diagnosed with Ebola http://t.co/FcJr2J7m7R #worldnews #bbc'
549067433,"u""""RT @CeQuonVousCache: \u201c@NvPirlO24_12_97: Les Simpson nous avait pr\xe9venus #Ebola http://t.co/DtVmjFmDlC\u201d Ils n'ont rien pr\xe9dit, Ebola est syn\u2026"""""
789865566,u'RT @Vevo_UK: Buying @BandAid30 goes directly to fighting Ebola. Watch the video now which includes @onedirection + @Ollyofficial! http://t.\u2026'
573245570,u'RT @GeniusPothead: A blunt a day\nkeeps the Ebola away http://t.co/fUAbMQ3nKR'
729218695,u'RT @DMTryptamine: Doctor Suggests That Marijuana Can Protect You From Ebola http://t.co/hL89GcHggz via @collectiveevol'
278318843,"u""""Black girls wearing face masks like they've got Ebola. No surprise."""""
2515128924,u'Surgeon who contracted Ebola virus in Sierra Leone dies at Nebraska hospital | http://t.co/QhPL5DV4ne'
282224096,"u'RT @BradThor: Yes, we totally handed out lab coats to bamboozle you re: #Obamacare, but you need to believe us now re: #Ebola http://t.co/p\u2026'"
2792286225,u'RT @Vevo_UK: Buying @BandAid30 goes directly to fighting Ebola. Watch the video now which includes @onedirection + @Ollyofficial! http://t.\u2026'
14097382,"u'RT @broadinstitute: USAID, Broad Institute and Illumina Form a Public Private Partnership Combating the Ebola Epidemic in West Africa:  htt\u2026'"
2823913560,u'RT @NBCNews: Cuban doctor treating Ebola patients in Sierra Leone contracts the  disease http://t.co/2zM5MklHhU http://t.co/DITfsOAzNZ'
350282742,u'RT @GeniusPothead: A blunt a day\nkeeps the Ebola away http://t.co/fUAbMQ3nKR'
1612762304,"u""""RT @CeQuonVousCache: \u201c@NvPirlO24_12_97: Les Simpson nous avait pr\xe9venus #Ebola http://t.co/DtVmjFmDlC\u201d Ils n'ont rien pr\xe9dit, Ebola est syn\u2026"""""
1418776152,u'RT @Vevo_UK: Buying @BandAid30 goes directly to fighting Ebola. Watch the video now which includes @onedirection + @Ollyofficial! http://t.\u2026'
2886420152,u'Thanks god. Sigh of relief dawns. http://t.co/IeKyAWXqWA'
577687812,u'RT @GeniusPothead: A blunt a day\nkeeps the Ebola away http://t.co/fUAbMQ3nKR'
481011796,u'Cuban doctor diagnosed with Ebola http://t.co/cIlk7W0SbN | https://t.co/JPcHMMHlT3 http://t.co/SBLizIyR6g'
926150304,u'RT @DonaigLedu: Carrying the food home. @WFP provides rations to people in quarantined villages #Liberia #EbolaResponse http://t.co/yEKH9VV\u2026'
24342833,u'RT @Vevo_UK: Buying @BandAid30 goes directly to fighting Ebola. Watch the video now which includes @onedirection + @Ollyofficial! http://t.\u2026'
1017262032,"u""""Mon/Ma Bacteria, nomm\xe9 Ebola, vient d'an\xe9antir le monde en 1900 jours ! http://t.co/b1q0NgyTqK"""""
253017028,u'Top 5 cities that will be affected by the Ebola virus by ... http://t.co/HuRJYsv2nj http://t.co/sgtVYNXZSj'
584449609,u'Ebola+Rabies=Zombies \U0001f480'
600663216,u'RT @Vevo_UK: Buying @BandAid30 goes directly to fighting Ebola. Watch the video now which includes @onedirection + @Ollyofficial! http://t.\u2026'
123666271,u'RT @Vevo_UK: Buying @BandAid30 goes directly to fighting Ebola. Watch the video now which includes @onedirection + @Ollyofficial! http://t.\u2026'
1009443655,"u'RT @inkedarab: \U0001f602\U0001f616\U0001f602\U0001f616\U0001f602\U0001f616\U0001f602 \n\n""""Dodged Ebola Bout A Week Ago""""\n\U0001f637\U0001f637\U0001f637\U0001f648\U0001f480\U0001f52b\U0001f52b\n\n\U0001f616\U0001f602\U0001f616\U0001f602\U0001f616\U0001f602\U0001f616 http://t.co/qnhaiA44xh'"
49399416,u'RT @thomasamter: African tourism hit by ebola fears though safari parks are further from outbreak than Europe http://t.co/s2PumeBbfW'
24637638,"u'RT @MASSDesignLab: RISD, Brown students employ design to help health-care workers fighting Ebola #fightebola  http://t.co/kprgotcpIs'"
243255410,u'Quick raggas then going to get this sussy eye sorted out some ebola shit!!'
613897032,"u'http://t.co/MQ6qmEeWTl learn latest about Ebola, as of November 19, 2014 at 08:01AM. Stay healthy. #Ebola'"
565803809,u'RT @NBCNews: Cuban doctor treating Ebola patients in Sierra Leone contracts the  disease http://t.co/2zM5MklHhU http://t.co/DITfsOAzNZ'
1382861288,u'Local organizations in #Liberia are taking a lead in efforts to fight Ebola http://t.co/vF7WDcZ4TI #UnitedAgainstEbola #Africa'
365627246,u'911 dispatchers in New York City had been forbidden from using the word \u201cEbola\u201d over the radio'
1155801510,u'RT @Vevo_UK: Buying @BandAid30 goes directly to fighting Ebola. Watch the video now which includes @onedirection + @Ollyofficial! http://t.\u2026'
26081378,"u'""""Your Blood Tested Positive for Ebola. I Am Sorry."""" http://t.co/A75Fcic1dl'"
1035035634,"u""""@qvvnnnn you're ass got Ebola \U0001f625\U0001f633"""""
2305109761,u'Liberia has upper hand over Ebola but support must continue: president http://t.co/3gLF4KQUcb'
2361180192,u'RT @ONECampaign: Another great Ebola ad --&gt; http://t.co/PesDbmy7rI. World must also support local W. African NGOs against #Ebola @AfricaRes\u2026'
407311424,u'MultiCare Tacoma General Hospital commits to provide care for Ebola patients\nhttp://t.co/5RwcgUY7AC'
304910533,"u""""Morning Break: Don't Worry About Ebola -- Worry About Cruises http://t.co/oi5Q28H46G"""""
1683027661,"u""""RT @oxfamcampaigns: You stepped up to help #EndEbola - but did the world's richest countries? http://t.co/158R3YXL2d #G20 http://t.co/Qjb1S\u2026"""""
905625908,u'@celesteOphelie krijg ebola amd shut up'
86498235,"u""""G\xfcnlerce g\xfcndemi i\u015fgal eden I\u015eID ve Ebola'n\u0131n birden g\xfcndemden d\xfc\u015fmesi normal mi? Ne oldu da bunlar \xf6nemsiz hale geldi?"""""
1248730964,u'RT @bmj_latest: Surgeon from Sierra Leone treated for #Ebola in Nebraska dies http://t.co/I6gZnQXPlz http://t.co/XLt9HBGV33'
2745234948,"u'RT @LOLGOP: We showed that nurse for risking her life to go fight Ebola in Africa. Good work, guys.'"
1484613517,u'RT @USArmy: .@JFCUA commander @GVolesky hosts virtual town hall meeting on #Ebola response efforts http://t.co/b65QFxEWEK http://t.co/2ADFi\u2026'
2513392199,u'Let me check on my Ebola patient \U0001f602'
189628044,"u'Remains of woman who died at Brownsville, Brooklyn hair salon are tested for Ebola http://t.co/iSkjookqle via @ABC7NY'"
247872733,u'News pumping Ebola...bad....band using Ebola to get to number one....good..... #gotit'
33611715,u'RT @swatson1865: Ebola Nurse Demands That You Stop Calling Her \u2018Ebola Nurse\u2019 http://t.co/gdpnlraYwQ via @dailycaller - ACTIONS HAVE CONSEQU\u2026'
2880778944,u'RT @NBCNews: Cuban doctor treating Ebola patients in Sierra Leone contracts the  disease http://t.co/2zM5MklHhU http://t.co/DITfsOAzNZ'
540274098,u'RT @Oregonian: It cost $1 million to treat 2 Ebola patients. http://t.co/NRhDRL7D86'
2879961798,u'RT @GhetoSpongebob: When ya homie got ebola but you wanna chill http://t.co/RfbP1JzBXW'
2840585901,"u'RT @ecorepublicano: El hambre mata m\xe1s que el #Ebola , pero no es considerado un mal importante; ya que de eso no pueden morir los ricos. h\u2026'"
2352351271,u'Half Of Liberian Workforce Not Working Due To Ebola Virus: World Bank: Source: http://t.co/8u5K0dWgrV - Wednesd... http://t.co/XYo87WFJFM'
1621153064,u'RT @picardonhealth: Should Canada tear up the #Ebola vaccine contract with NewLink Genetics? w/ @profamirattaran http://t.co/j1yS8vbrR7 @Th\u2026'
1865668597,u'Currently writing a term paper on ebola'
20644194,"u'RT @latimes: Cuban doctor diagnosed with Ebola will be transferred to Geneva, Switzerland for care http://t.co/z2qlAoaMlV'"
2882321501,u'The Daily Read - Ebola Edition - 10/22/2014... http://t.co/fAY2TPoWSh'
154048260,u'RT @blogdokter: Reuters: Sudah tujuh dokter yang tewas akibat ebola di Sierra Leone. #ebola'
2873391551,u'#Ebola in Mali. @CDC has raised a travel alert for people traveling to Mali.http://t.co/wFAzcPEzuP'
2420722034,u'Tracking #Ebola @SocialNewsCorp http://t.co/7SPRIoIAYV Via #Twitter @KickEbolaOut @VivoEnergyGhana @mrosariogz'
71605856,u'Half Of Liberian Workforce Not Working Due To Ebola Virus: World Bank: Source: http://t.co/yQIL0EP0ar - Wednesd... http://t.co/N2z9XN7VqI'
1722553118,u'RT @Vevo_UK: Buying @BandAid30 goes directly to fighting Ebola. Watch the video now which includes @onedirection + @Ollyofficial! http://t.\u2026'
322419372,u'RT @CNN: An #Ebola survivor has been isolated in India after his semen tested positive for the virus: http://t.co/PkiyEadl7n'
557969102,u'RT @Topsantecom: #Ebola : un mort \xe0 New-York et un premier cas en Inde  http://t.co/tFIyxt4Ohc via @topsantecom'
2808283770,u'RT @DannSklarew: &gt;100x #USA deaths fr #influenza last winter vs #Ebola now. http://t.co/e40UZU5MVk &gt;10x fr #EVD68. How 2 sensitize our pop \u2026'
230894866,"u'@NTN24 por favor diga que es para Uds """" concienciar """"... Sobre el Ebola ? Gracias.'"
365466063,u'Mt. Sinai adds isolated facility to treat Ebola patients http://t.co/SRdFYX3M60'
258983207,"u'RT @RFI: Matt Damon, Morgan Freeman et Ben Affleck mobilis\xe9s contre Ebola http://t.co/HsmkjTwIa1 http://t.co/mAZZe6ZdIa'"
719696293,u'RT @GeniusPothead: A blunt a day\nkeeps the Ebola away http://t.co/fUAbMQ3nKR'
1629892242,u'Cuban doctor diagnosed with Ebola http://t.co/sgBZ5D8y7z'
849293340,"u""""Ebola's impact on Africa economy might be less than feared: World Bank http://t.co/2hs7XKWkE6 via @reuters"""""
19672893,u'@unkyoka @vicenews Great piece on phys. &amp; emot impact of #Ebola. Thank you. https://t.co/TD4wLMxbbL'
13766492,u'Why was \u2018Ebola-free\u2019 survivor quarantined in India after viral traces in his semen? https://t.co/Cvl6cKjh9G'
552575632,u'The ebola incident at school today \U0001f602\U0001f602\U0001f602'
2286128923,u'RT @stinsonsays: *Ebola joke*\neveryone laughs \n\n*AIDS joke*\neveryone laughs\n\n*Cancer joke*\nwtf is wrong with you? people die of Cancer!\n\n-o\u2026'
1323652466,u'RT @GeniusPothead: A blunt a day\nkeeps the Ebola away http://t.co/fUAbMQ3nKR'
66951419,u'RT @BOI1960: 911 dispatchers in New York City had been forbidden from using the word \u201cEbola\u201d over the radio'
1424057101,u'Confirman el primer caso de \xe9bola en m\xe9dico cubano: http://t.co/EzJIsjPgsc'
277679046,u'RT @TelegraphTravel: Tourists are avoiding parts of Africa that are 3000 miles away from #ebola outbreaks http://t.co/F5IYkqRe4Y http://t.c\u2026'
589464374,"u'RT @clairecmc: Fascinating.Empty seats and no cameras for hearing on Ebola &amp; public health:threats,lessons learned,and preparedness http://\u2026'"
50814862,"u'RT @clairecmc: Fascinating.Empty seats and no cameras for hearing on Ebola &amp; public health:threats,lessons learned,and preparedness http://\u2026'"
1074000432,u'Ebola - La moiti\xe9 de la population active mise au ch\xf4mage par le virus au Liberia http://t.co/tqVelEy3VU #sante'
18646159,"u""""Related: My sister just told me not to get Ebola. I'm pretty sure she was kidding."""""
2555585293,"u""""RT @MSF_ITALIA: Chi combatte contro l'#Ebola chiede il tuo aiuto. Retwitta questo video e sostieni #StopEbola http://t.co/EiDT35AYKo\nhttps:\u2026"""""
409613663,u'La Fundaci\xf3n Gates dona 5.7 millones de d\xf3lares para una cura contra el \xe9bola http://t.co/25kgnGf7vd v\xeda @N24_Panama'
16076272,u'RT @everydaygandhis: Check out the Act Up Against #Ebola: Organizing Against Fear episode @grittv and @LauraFlanders. http://t.co/Xoc6zytLpi'
14885620,u'RT @everydaygandhis: Check out the Act Up Against #Ebola: Organizing Against Fear episode @grittv and @LauraFlanders. http://t.co/Xoc6zytLpi'
385420377,"u""""RT @MezahiMaher: Algeria and Mali sides display banner: 'Together we can beat Ebola' http://t.co/DtJiECKXNX"""""
1577041122,"u'RT @latimes: Cuban doctor diagnosed with Ebola will be transferred to Geneva, Switzerland for care http://t.co/z2qlAoaMlV'"
2559050768,"u'V\xeddeo com estrelas tenta conscientizar sobre o Ebola: V\xe1rias estrelas da m\xfasica e do cinema, como Bono Vox e B... http://t.co/a5e38mQFrR'"
1546361052,u'@iaem The Ebola Preparedness and Response session today gave invaluable insight on managing emerging disease risks #fightebola #IAEM14'
200263851,u'RT @NBCNews: Cuban doctor treating Ebola patients in Sierra Leone contracts the  disease http://t.co/2zM5MklHhU http://t.co/DITfsOAzNZ'
115487848,u'[H24] CAN-Ebola: des m\xe9decins en renfort en Guin\xe9e \xe9quatoriale http://t.co/5isRANuC7O #actus #infos #News'
43815229,u'@JoshYohe_Trib @JustPuckIt EBOLA!!!!!'
731459012,"u""""RT @loreaalll: What if the .1% of bacteria that hand sanitizer doesn't kill includes Ebola?"""""
439964768,"u'RT @EvokeToday: Bono, Ellie Goulding, Ben Affleck, Morgan Freeman &amp; more team up for powerful #Ebola video:\nhttp://t.co/xPh2T6NrpK http://t\u2026'"
915314664,u'RT @healthandcents: CANADA PubHealthAgency: EBOLA virus active  in semen &gt;7weeks http://t.co/MiPIZvDVj5 .@dramerling .@DL1651 .@waynebogda \u2026'
128722319,u'RT @SavetheChildren: #Ebola killed Anita\u2019s family in #SierraLeone while she was away on holiday. Help us #StopEbola http://t.co/PUe0EZgjmA \u2026'
1610770580,"u'RT @latimes: Cuban doctor diagnosed with Ebola will be transferred to Geneva, Switzerland for care http://t.co/z2qlAoaMlV'"
1589356496,u'A huge well done to The @Telegraph and @bryony_gordon for this truthful article on #BandAid30 and #BobGeldof. http://t.co/kO9SX7b1m2'
1825580564,u'I think I have Ebola'
240669917,u'M\xe9dico cubano da positivo por \xe9bola http://t.co/5lRG2QrEkU v\xeda @Periodista 75'
25533732,u'.@ONECampaign\u2019s new #Ebola video leaves celebrities SPEECHLESS http://t.co/USK45dg9bk http://t.co/y1Yd3uNWi1'
2564128662,"u""""I'm just waiting for y'all to blame Global Warming, Natural Disasters and Ebola on KVRP too."""""
2675671334,u'@MsRebeccaBlack EBOLA scare on the plane ?'
2190816815,u'RT @GeniusPothead: A blunt a day\nkeeps the Ebola away http://t.co/fUAbMQ3nKR'
2731302863,"u'""""@naramieres1: Nos merecemos toda la ebola del mundo http://t.co/cIYroWdoBi"""" toda la ebola'"
1915835881,"u'who tf has a """"cold"""" for six weeks....ebola'"
2778851458,u'RT:Ebola richt minder #economische schade gedacht http://t.co/cXz0xJA4Gn'
1440499776,u'RT @knjiga_smrti: @seveNation_army ebola everywhere'
116069723,u'RT @ianbremmer: Roughly half of the Liberian workforce has not been working since the Ebola crisis started (World Bank).'
550073846,u'@joerichlaw Rubbish she just wants attention. Why doesn`t she speak out about ebola or people who don`t even have water?'
1359965784,"u'RT @EvokeToday: Bono, Ellie Goulding, Ben Affleck, Morgan Freeman &amp; more team up for powerful #Ebola video:\nhttp://t.co/xPh2T6NrpK http://t\u2026'"
2872613899,u'RT @GeniusPothead: A blunt a day\nkeeps the Ebola away http://t.co/fUAbMQ3nKR'
113111314,u'As if people are believing that @chelsfergo has Ebola. Proper tapped pillow cases.'
539721796,u'@RT_com India quarantines #Ebola survivor over virus traces in semen samples http://t.co/1MXZbnvxYm http://t.co/sOitmgbFrs\nHow2get sample?'
2457007838,u'RT @Vevo_UK: Buying @BandAid30 goes directly to fighting Ebola. Watch the video now which includes @onedirection + @Ollyofficial! http://t.\u2026'
835550018,"u""""UPDATE 3-Ebola's impact on Africa economy might be less than feared - World Bank http://t.co/i6awiGr6PO"""""
219429667,"u""""RT @YorkshireSlang: 1. Its gon darn wrong ole....\n2. There's a bug goin raand....\n3. It's (Insert latest worry) e.g Ebola / Bird Flu....\n\nR\u2026"""""
823842553,u'Economic toll of Ebola lower than feared - Lower estimate attributed to containment measures but damage extends be... http://t.co/vgmxQyJJCr'
240669917,u'M\xe9dico cubano da positivo por \xe9bola http://t.co/5lRG2QrEkU'
2867085531,"u""""Ebola j'suis s\xfbre que c'est une maladie invent\xe9e"""""
168664553,"u'After KRK, India gets Ebola now. Earlier one still remains as seriousmost concern though. :P'"
537596679,"u""""@eN_Klem @xSlyDe_ grave putain j'ai ebola en plus"""""
577283537,"u'RT @inspirou: UMA MENTIRA CHAMADA ,,EBOLA,, VEJAM!!! \nhttp://t.co/tw0cyi43OB\nhttp://t.co/OW0pmqcIZt'"
292868331,u'RT @stinsonsays: *Ebola joke*\neveryone laughs \n\n*AIDS joke*\neveryone laughs\n\n*Cancer joke*\nwtf is wrong with you? people die of Cancer!\n\n-o\u2026'
76453175,"u""""Study will test survivors' blood to treat Ebola http://t.co/lR2fLasEJf"""""
1473926491,"u'Woman\u2019s Remains Being Tested for Ebola in New York: The woman, who died of an apparent heart attack on Tuesday... http://t.co/alAQJ0zZj8'"
600965963,u'#\u0633\u0648\u0631\u064a\u0627 #\u062d\u0645\u0635 #\u062d\u0644\u0628 Cuban doctor diagnosed with Ebola - A Cuban doctor working in Sierra Leone has been diagnosed wit... http://t.co/yQzuKuJlv0'
616944826,u'Como assim fizeram uma versao da we are the world por causa do ebola?'
525542510,u'RT @Vevo_UK: Buying @BandAid30 goes directly to fighting Ebola. Watch the video now which includes @onedirection + @Ollyofficial! http://t.\u2026'
2533258312,u'FT Com - Economic toll of Ebola lower than feared: Lower estimate attributed to containment measures b... http://t.co/UUQ4olb430 -Africa'
2802939621,"u'RT @CDCgov: Parents, know how to start the conversation about #Ebola w/ your children? New Fact Sheet has helpful tips http://t.co/7iAWJfSJ\u2026'"
128592811,u'Top 5 cities that will be affected by the Ebola virus by New Years Eve  http://t.co/Qf3XvMDyzI'
1940965394,u'http://t.co/HpwmX8ZwD6 \u0412 \u0421\u044c\u0435\u0440\u0440\u0430-\u041b\u0435\u043e\u043d\u0435 \u043a\u0443\u0431\u0438\u043d\u0441\u043a\u0438\u0439 \u0432\u0440\u0430\u0447 \u0437\u0430\u0431\u043e\u043b\u0435\u043b \u043b\u0438\u0445\u043e\u0440\u0430\u0434\u043a\u043e\u0439 \u042d\u0431\u043e\u043b\u0430'
565536597,"u""""RT @DaftLimmy: Do you have Ebola? I have some good news. It's CHRISTMASTIME! \U0001f384\U0001f381\U0001f389\U0001f44d\U0001f385"""""
47362397,"u""""RT @Dabigt: I'm not buying Band Aid and I urge anyone who wants to help the Ebola crisis to donate to M\xe9decins Sans Fronti\xe8res"""""
26366836,u'RT @klgthomas: My analysis piece for @irinnews on bridging the #Ebola trust gap in Liberia http://t.co/Uee1OhG8lf'
29829046,u'RT @PrudentialNews: Prudential commits $6.7 million to fight Ebola in West Africa --&gt; http://t.co/nO4YRk16yk'
